Workbook
Name _10.3GM: 'Look up (2)'!$BD$7
Name _10.3GM: 'Look up (2)'!$BD$7
Name _10.3GM: 'Look up (2)'!$BD$7
Name _10.3GM_HT: 'Look up (2)'!#REF!
Name _10.3GM_HT: #REF!
Name _10.3GM_HT: 'Look up (2)'!$BD$8
Name _10GM: 'Look up (2)'!#REF!
Name _10GM: #REF!
Name _10GM: 'Look up (2)'!$BD$5
Name _10GM_HT: 'Look up (2)'!#REF!
Name _10GM_HT: #REF!
Name _10GM_HT: 'Look up (2)'!$BD$6
Name _11GM: 'Look up (2)'!#REF!
Name _11GM: #REF!
Name _11GM: 'Look up (2)'!$BD$3
Name _11GM_HT: 'Look up (2)'!#REF!
Name _11GM_HT: #REF!
Name _11GM_HT: 'Look up (2)'!$BD$4
Name _12GM: 'Look up (2)'!#REF!
Name _12GM: #REF!
Name _12GM: 'Look up (2)'!$BD$2
Name _9.1_GM: 'Look up (2)'!#REF!
Name _9.1_GM: #REF!
Name _9.1_GM: 'Look up (2)'!$BD$9
Name _9.1_GM_HT: 'Look up (2)'!#REF!
Name _9.1_GM_HT: #REF!
Name _9.1_GM_HT: 'Look up (2)'!$BD$10
Name ADS: #REF!
Name ADS_: 'Look up (2)'!$B$24:$B$28
Name ADS_HLL: 'Look up (2)'!$AD$2:$AD$587
Name Attendance: OFFSET('DMS-2'!Full_Print,0,0,'DMS-2'!Last_Row)
Name Batching: 'Look up (2)'!$B$5:$B$11
Name Batching_Hopper_H_4101: 'Look up (2)'!$G$2:$G$1275
Name Batching_Hopper_H_4102: 'Look up (2)'!$H$2:$H$1246
Name Batter_Mixer_T_4108: 'Look up (2)'!$I$2:$I$1033
Name Batter_Mixer_T_4109: 'Look up (2)'!$J$2:$J$1091
Name Beg_Bal: #REF!
Name Beg_Bal: #REF!
Name Belt: #REF!
Name Book_Cooler: 'Look up (2)'!$O$2:$O$1228
Name Book_Cooler_: 'Look up (2)'!$B$13
Name Caramel: #REF!
Name Cbox_Checkweigher: 'Look up (2)'!$AS$2:$AS$1679
Name ChargingSystem: 'Look up (2)'!$D$2:$D$1000
Name Chilled_water: 'Look up (2)'!$AU$2:$AU$2039
Name Compressed_air: 'Look up (2)'!$AV$2:$AV$1274
Name Contimix: #REF!
Name Cooling_Tunnel_HLL: 'Look up (2)'!$X$2:$X$1844
Name Cooling_Tunnel_Samridhi: 'Look up (2)'!$W$2:$W$1739
Name CoolingTunnel: 'Look up (2)'!$B$21:$B$22
Name CT: #REF!
Name Cum_Int: #REF!
Name Cum_Int: #REF!
Name Cutter: #REF!
Name Cutter_: 'Look up (2)'!$B$15:$B$16
Name Cutter_HLL: 'Look up (2)'!$R$2:$R$1269
Name Cutter_Samridhi: 'Look up (2)'!$Q$2:$Q$1679
Name Data: #REF!
Name Data: #REF!
Name DayAxis: OFFSET(INDIRECT(#REF!&"!$a$1"),3,MATCH(#REF!,INDIRECT(#REF!&"!$1:$1"),0)-1,1,COUNTIF(INDIRECT(#REF!&"!$1:$1"),#REF!))

Sheet Report
A1: Date | B1: SHIFT | C1: PROD | D1: GE% | E1: UNPLANNED DOWNTIME | F1: quality loss | G1: OEE%
A2: 46260 | B2: A | C2: 5.9 | D2: 0.51754386 | E2: 237 | F2: 0.61 | G2: =((480-E2)*100%)/480*(C2*100%)/((480-E2)*11.4/480)*C2/(C2+F2) -> 0.46904897
A3: 46260 | B3: B | C3: =7.5+1.1 -> 8.6 | D3: 0.75438596 | E3: 60 | F3: 1.11 | G3: =((480-E3)*100%)/480*(C3*100%)/((480-E3)*11.4/480)*C3/(C3+F3) -> 0.66814823
A4: 46260 | B4: C | C4: =3.88+0.69 -> 4.57 | D4: 0.40087719 | E4: 200 | F4: 0.25 | G4: =((480-E4)*100%)/480*(C4*100%)/((480-E4)*11.4/480)*C4/(C4+F4) -> 0.38008481
A6: LOSS DETAILS
A7: Date | B7: shift | C7: Operation | D7: Equipment | E7: Failure Description | F7: line downtime | G7: Action Taken | H7: GE LOSS%(SHIFT)
A8: 46260 | B8: A | C8: Utility_ | D8: Compressed_air | E8: Air Pressure Low | F8: 20 | G8: Communication given to utiity team. Air pressure restored | H8: =F8/480 -> 0.041666667
A9: 46260 | B9: A | C9: HCM_ | D9: HCM5_ | E9: Pouch Leakage issue | F9: 36 | H9: =F9/480 -> 0.075
A10: 46260 | B10: A | C10: HCM_ | D10: HCM5_ | E10: Pouch Leakage issue | F10: 36 | H10: =F10/480 -> 0.075
A11: 46260 | B11: A | C11: Cutter_ | D11: Cutter_Samridhi | E11: Book Jamming @ Cutter | F11: 105 | G11: AD4 Quantity reduced from 200 to 190g | H11: =F11/480 -> 0.21875
A12: 46260 | B12: A | C12: ADS_ | D12: DCI4_ | E12: DU4R belt tracking issue | F12: 20 | G12: Tracking motor not available, Manual Adjustment done | H12: =F12/480 -> 0.041666667
A13: 46260 | B13: A | C13: TTLI_ | D13: TTLI1_ | E13: Glue unit not ready | F13: 10 | G13: ClosingSOV was faulty : Replaced, | H13: =F13/480 -> 0.020833333
A14: 46260 | B14: A | C14: HCM_ | D14: HCM2_ | E14: Code Misprint issue | F14: 10 | G14: Encoder to be replaced, Currently running @ 400 ppm | H14: =F14/480 -> 0.020833333
A15: 46260 | B15: B | C15: Oven_ | D15: Oven | E15: Bubble Scrapper Jam | F15: 60 | G15: Broken Scrapper Removed | H15: =F15/480 -> 0.125
A16: 46260 | B16: C | C16: Oven_ | D16: Oven | E16: Fire Tripping issue | F16: 200 | G16: Ignition Electrode mounting loose,ground issue,Electrode replaced | H16: =F16/480 -> 0.41666667

Sheet Shift Wise Downtime
A1: Date | B1: shift | C1: Operation | D1: Equipment | E1: Failure Description | F1: Loss Category | G1: Loss Type | H1: Equipment Class | I1: Equipment Downtime | J1: line downtime | K1: Action Taken
A2: 46260 | B2: A | C2: Utility_ | D2: Compressed_air | E2: Air Pressure Low | F2: Unplanned_Loss | G2: Line_Delays | I2: 20 | J2: 20 | K2: Communication given to utiity team. Air pressure restored
A3: 46260 | B3: A | C3: HCM_ | D3: HCM5_ | E3: Pouch Leakage issue | F3: Unplanned_Loss | G3: Operational_Losses | I3: 480 | J3: 36
A4: 46260 | B4: A | C4: HCM_ | D4: HCM5_ | E4: Pouch Leakage issue | F4: Unplanned_Loss | G4: Operational_Losses | I4: 480 | J4: 36
A5: 46260 | B5: A | C5: Cutter_ | D5: Cutter_Samridhi | E5: Book Jamming @ Cutter | F5: Unplanned_Loss | G5: Operational_Losses | I5: 105 | J5: 105 | K5: AD4 Quantity reduced from 200 to 190g
A6: 46260 | B6: A | C6: ADS_ | D6: DCI4_ | E6: DU4R belt tracking issue | F6: Unplanned_Loss | G6: Breakdowns | I6: 20 | J6: 20 | K6: Tracking motor not available, Manual Adjustment done
A7: 46260 | B7: A | C7: TTLI_ | D7: TTLI1_ | E7: Glue unit not ready | F7: Unplanned_Loss | G7: Breakdowns | I7: 40 | J7: 10 | K7: ClosingSOV was faulty : Replaced,
A8: 46260 | B8: A | C8: HCM_ | D8: HCM2_ | E8: Code Misprint issue | F8: Unplanned_Loss | G8: Breakdowns | I8: 40 | J8: 10 | K8: Encoder to be replaced, Currently running @ 400 ppm
A9: 46260 | B9: B | C9: Oven_ | D9: Oven | E9: Bubble Scrapper Jam | F9: Unplanned_Loss | G9: Breakdowns | I9: 60 | J9: 60 | K9: Broken Scrapper Removed
A10: 46260 | B10: C | C10: Oven_ | D10: Oven | E10: Fire Tripping issue | F10: Unplanned_Loss | G10: Breakdowns | I10: 200 | J10: 200 | K10: Ignition Electrode mounting loose,ground issue,Electrode replaced

Sheet Shift Wise-Data Sheet
F1: =SUBTOTAL(9,Table110[Plan]) -> 5464.9473 | G1: =SUBTOTAL(9,Table110[Volume Delivered (T)]) -> 5508.6196 | H1: =SUBTOTAL(1,Table110[GE - Target]) -> 0.76445593 | I1: =SUBTOTAL(1,Table110[GE - Actual]) -> 0.77841111 | J1: =SUBTOTAL(9,Table110[Legal Non-Operating Time]) -> 0 | K1: =SUBTOTAL(9,Table110[No Demand Time]) -> 40 | L1: =SUBTOTAL(9,Table110[Force Majeure]) -> 4 | N1: =SUBTOTAL(1,Table110[waste (%) - MTD]) -> 0.041427461 | Q1: =SUBTOTAL(9,Table110[TBM ACTIVITIES PLANNED]) -> 118 | R1: =SUBTOTAL(9,Table110[TBM ACTIVITIES COMPLETED]) -> 106 | S1: =SUBTOTAL(9,Table110[Hours Used]) -> 4804 | AJ1: =SUBTOTAL(9,Table110[Operating Time]) -> 3740.3775
A2: Date | B2: Day | C2: SHIFT | D2: SKU | E2: SOC (TPD) | F2: Plan | G2: Volume Delivered (T) | H2: GE - Target | I2: GE - Actual | J2: Legal Non-Operating Time | K2: No Demand Time | L2: Force Majeure | M2: Quality Loss (T) | N2: waste (%) - MTD | O2: Bulk on Floor (T) | P2: Offline Packing (MT) | Q2: rework on floor(T) | R2: TBM ACTIVITIES PLANNED | S2: TBM ACTIVITIES COMPLETED | T2: Hours Used | U2: Planned Maintenance | V2: Planned AM | W2: Sanitation | X2: Changeovers | Y2: Planned Stops | Z2: Consumables replacement | AA2: Start and Finish Production | AB2: PRODUCTION HOURS | AC2: Minor Stoppages | AD2: Breakdowns | AE2: Operational Losses | AF2: Line Delays | AG2: Labor Management | AH2: Material Shortages | AI2: Speed Loss (Hrs) | AJ2: Quality Loss (Hrs) | AK2: Operating Time | AL2: Operating Time (Planned) | AM2: CL Deployed at Line | AN2: CIL-DONE | AO2: centreline check | AP2: TBM ACTIVITIES PLANNED2 | AQ2: TBM ACTIVITIES COMPLETED2 | AR2: tbm-on time completion | AS2: mtbf | AT2: BOS | AU2: UNSAFE CONDITIONS REPORTED | AV2: OVERWEIGHT | AW2: MTBB | AX2: # Stops | AY2: MTTR | AZ2: R&R | BA2: GWF Month
A3: 46020 | B3: =IF(A3="","",TEXT(A3,"dddddd")) -> Monday | D3: _10GM_HT | E3: {=IFERROR(INDIRECT(D3),"")} -> 33.4 | F3: 14 | G3: 21.4 | H3: =IFERROR((Table110[[#This Row],[Plan]]/Table110[[#This Row],[Hours Used]])/(Table110[[#This Row],[SOC (TPD)]]/24),"") -> 0.41916168 | I3: =IFERROR((Table110[[#This Row],[Volume Delivered (T)]]/Table110[[#This Row],[Hours Used]])/(Table110[[#This Row],[SOC (TPD)]]/24),"") -> 0.64071856 | N3: 0.035 | R3: 1 | S3: 1 | T3: =IF(Table110[[#This Row],[SKU]]="",0,24-Table110[[#This Row],[Legal Non-Operating Time]]-Table110[[#This Row],[No Demand Time]]-Table110[[#This Row],[Force Majeure]]) -> 24 | W3: 9 | AB3: =Table110[[#This Row],[Hours Used]]-SUM(Table110[[#This Row],[Planned Maintenance]:[Start and Finish Production]]) -> 15 | AI3: =(Table110[[#This Row],[Hours Used]]-SUM(Table110[[#This Row],[Planned Maintenance]:[Start and Finish Production]])-SUM(Table110[[#This Row],[Minor Stoppages]:[Material Shortages]])-Table110[[#This Row],[Quality Loss (Hrs)]]-Table110[[#This Row],[Operating Time]])/3 -> -0.1257485 | AJ3: =IFERROR(IF(Table110[[#This Row],[SKU]]="",0,Table110[[#This Row],[Quality Loss (T)]]/(Table110[[#This Row],[SOC (TPD)]]/24)),"") -> 0 | AK3: =IFERROR(IF(Table110[[#This Row],[SKU]]="",0,Table110[[#This Row],[Volume Delivered (T)]]/(Table110[[#This Row],[SOC (TPD)]]/24)),"") -> 15.377246 | AL3: =IFERROR(Table110[[#This Row],[Operating Time]]/Table110[[#This Row],[PRODUCTION HOURS]],"") -> 1.0251497 | AN3: NO | AO3: NO | AP3: 6 | AQ3: 6 | AR3: 6 | AS3: =IFERROR(SUMIFS(#REF!,#REF!,'Shift Wise-Data Sheet'!A:A,#REF!,"Samridhi Perk Line")/SUMIFS(#REF!,#REF!,'Shift Wise-Data Sheet'!A:A,#REF!,"Samridhi Perk Line"),"") | AU3: 0 | AV3: =IFERROR(VLOOKUP(Table110[[#This Row],[Date]],'Overweight Data'!A1:G1096,6,FALSE),"") | AW3: =IFERROR( IF( OR(Table110[[#This Row],[Operating Time]]=0, (Table110[[#This Row],[Operating Time]]/IF(AD3<=1,AD3+1,AD3))*60=0), 1, ((Table110[[#This Row],[Operating Time]])/IF(AD3<=1,AD3+1,AD3))*60 ), "_") -> 922.63473 | AX3: =COUNTIFS('Downtime Data'!A:A,Table110[[#This Row],[Date]]) -> 1 | AY3: =IFERROR((SUM(Table110[[#This Row],[Minor Stoppages]:[Material Shortages]])/Table110[[#This Row],['# Stops]])*60,"") -> 0 | BA3: 46048
A4: 46021 | B4: =IF(A4="","",TEXT(A4,"dddddd")) -> Tuesday | D4: _10.3GM | E4: {=IFERROR(INDIRECT(D4),"")} -> 39.2 | F4: 32 | G4: 34.8 | H4: =IFERROR((Table110[[#This Row],[Plan]]/Table110[[#This Row],[Hours Used]])/(Table110[[#This Row],[SOC (TPD)]]/24),"") -> 0.81632653 | I4: =IFERROR((Table110[[#This Row],[Volume Delivered (T)]]/Table110[[#This Row],[Hours Used]])/(Table110[[#This Row],[SOC (TPD)]]/24),"") -> 0.8877551 | N4: 0.035 | R4: 1 | T4: =IF(Table110[[#This Row],[SKU]]="",0,24-Table110[[#This Row],[Legal Non-Operating Time]]-Table110[[#This Row],[No Demand Time]]-Table110[[#This Row],[Force Majeure]]) -> 24 | X4: 2 | AB4: =Table110[[#This Row],[Hours Used]]-SUM(Table110[[#This Row],[Planned Maintenance]:[Start and Finish Production]]) -> 22 | AD4: 0.5 | AI4: =(Table110[[#This Row],[Hours Used]]-SUM(Table110[[#This Row],[Planned Maintenance]:[Start and Finish Production]])-SUM(Table110[[#This Row],[Minor Stoppages]:[Material Shortages]])-Table110[[#This Row],[Quality Loss (Hrs)]]-Table110[[#This Row],[Operating Time]])/3 -> 0.06462585 | AJ4: =IFERROR(IF(Table110[[#This Row],[SKU]]="",0,Table110[[#This Row],[Quality Loss (T)]]/(Table110[[#This Row],[SOC (TPD)]]/24)),"") -> 0 | AK4: =IFERROR(IF(Table110[[#This Row],[SKU]]="",0,Table110[[#This Row],[Volume Delivered (T)]]/(Table110[[#This Row],[SOC (TPD)]]/24)),"") -> 21.306122 | AL4: =IFERROR(Table110[[#This Row],[Operating Time]]/Table110[[#This Row],[PRODUCTION HOURS]],"") -> 0.96846011 | AN4: NO | AO4: NO | AP4: 0 | AQ4: 0 | AS4: =IFERROR(SUMIFS(#REF!,#REF!,'Shift Wise-Data Sheet'!A:A,#REF!,"Samridhi Perk Line")/SUMIFS(#REF!,#REF!,'Shift Wise-Data Sheet'!A:A,#REF!,"Samridhi Perk Line"),"") | AU4: 0 | AV4: =IFERROR(VLOOKUP(Table110[[#This Row],[Date]],'Overweight Data'!A2:G1097,6,FALSE),"") | AW4: =IFERROR( IF( OR(Table110[[#This Row],[Operating Time]]=0, (Table110[[#This Row],[Operating Time]]/IF(AD4<=1,AD4+1,AD4))*60=0), 1, ((Table110[[#This Row],[Operating Time]])/IF(AD4<=1,AD4+1,AD4))*60 ), "_") -> 852.2449 | AX4: =COUNTIFS('Downtime Data'!A:A,Table110[[#This Row],[Date]]) -> 1 | AY4: =IFERROR((SUM(Table110[[#This Row],[Minor Stoppages]:[Material Shortages]])/Table110[[#This Row],['# Stops]])*60,"") -> 30 | BA4: 46048 | BE4: =21*7 -> 147
A5: 46022 | B5: =IF(A5="","",TEXT(A5,"dddddd")) -> Wednesday | D5: _10.3GM | E5: {=IFERROR(INDIRECT(D5),"")} -> 39.2 | F5: 32 | G5: 38.3 | H5: =IFERROR((Table110[[#This Row],[Plan]]/Table110[[#This Row],[Hours Used]])/(Table110[[#This Row],[SOC (TPD)]]/24),"") -> 0.81632653 | I5: =IFERROR((Table110[[#This Row],[Volume Delivered (T)]]/Table110[[#This Row],[Hours Used]])/(Table110[[#This Row],[SOC (TPD)]]/24),"") -> 0.97704082 | N5: 0.035 | R5: 1 | S5: 1 | T5: =IF(Table110[[#This Row],[SKU]]="",0,24-Table110[[#This Row],[Legal Non-Operating Time]]-Table110[[#This Row],[No Demand Time]]-Table110[[#This Row],[Force Majeure]]) -> 24 | AB5: =Table110[[#This Row],[Hours Used]]-SUM(Table110[[#This Row],[Planned Maintenance]:[Start and Finish Production]]) -> 24 | AI5: =(Table110[[#This Row],[Hours Used]]-SUM(Table110[[#This Row],[Planned Maintenance]:[Start and Finish Production]])-SUM(Table110[[#This Row],[Minor Stoppages]:[Material Shortages]])-Table110[[#This Row],[Quality Loss (Hrs)]]-Table110[[#This Row],[Operating Time]])/3 -> 0.18367347 | AJ5: =IFERROR(IF(Table110[[#This Row],[SKU]]="",0,Table110[[#This Row],[Quality Loss (T)]]/(Table110[[#This Row],[SOC (TPD)]]/24)),"") -> 0 | AK5: =IFERROR(IF(Table110[[#This Row],[SKU]]="",0,Table110[[#This Row],[Volume Delivered (T)]]/(Table110[[#This Row],[SOC (TPD)]]/24)),"") -> 23.44898 | AL5: =IFERROR(Table110[[#This Row],[Operating Time]]/Table110[[#This Row],[PRODUCTION HOURS]],"") -> 0.97704082 | AN5: NO | AO5: NO | AP5: 0 | AQ5: 0 | AS5: =IFERROR(SUMIFS(#REF!,#REF!,'Shift Wise-Data Sheet'!A:A,#REF!,"Samridhi Perk Line")/SUMIFS(#REF!,#REF!,'Shift Wise-Data Sheet'!A:A,#REF!,"Samridhi Perk Line"),"") | AU5: 0 | AV5: =IFERROR(VLOOKUP(Table110[[#This Row],[Date]],'Overweight Data'!A3:G1098,6,FALSE),"") | AW5: =IFERROR( IF( OR(Table110[[#This Row],[Operating Time]]=0, (Table110[[#This Row],[Operating Time]]/IF(AD5<=1,AD5+1,AD5))*60=0), 1, ((Table110[[#This Row],[Operating Time]])/IF(AD5<=1,AD5+1,AD5))*60 ), "_") -> 1406.9388 | AX5: =COUNTIFS('Downtime Data'!A:A,Table110[[#This Row],[Date]]) -> 0 | AY5: =IFERROR((SUM(Table110[[#This Row],[Minor Stoppages]:[Material Shortages]])/Table110[[#This Row],['# Stops]])*60,"") | BA5: 46048
A6: 46023 | B6: =IF(A6="","",TEXT(A6,"dddddd")) -> Thursday | D6: _10.3GM | E6: {=IFERROR(INDIRECT(D6),"")} -> 39.2 | F6: 27.5 | G6: 35.5 | H6: =IFERROR((Table110[[#This Row],[Plan]]/Table110[[#This Row],[Hours Used]])/(Table110[[#This Row],[SOC (TPD)]]/24),"") -> 0.70153061 | I6: =IFERROR((Table110[[#This Row],[Volume Delivered (T)]]/Table110[[#This Row],[Hours Used]])/(Table110[[#This Row],[SOC (TPD)]]/24),"") -> 0.90561224 | M6: 1.756 | N6: 0.035 | R6: 0 | S6: 0 | T6: =IF(Table110[[#This Row],[SKU]]="",0,24-Table110[[#This Row],[Legal Non-Operating Time]]-Table110[[#This Row],[No Demand Time]]-Table110[[#This Row],[Force Majeure]]) -> 24 | X6: 1 | AB6: =Table110[[#This Row],[Hours Used]]-SUM(Table110[[#This Row],[Planned Maintenance]:[Start and Finish Production]]) -> 23 | AI6: =(Table110[[#This Row],[Hours Used]]-SUM(Table110[[#This Row],[Planned Maintenance]:[Start and Finish Production]])-SUM(Table110[[#This Row],[Minor Stoppages]:[Material Shortages]])-Table110[[#This Row],[Quality Loss (Hrs)]]-Table110[[#This Row],[Operating Time]])/3 -> 0.063401361 | AJ6: =IFERROR(IF(Table110[[#This Row],[SKU]]="",0,Table110[[#This Row],[Quality Loss (T)]]/(Table110[[#This Row],[SOC (TPD)]]/24)),"") -> 1.075102 | AK6: =IFERROR(IF(Table110[[#This Row],[SKU]]="",0,Table110[[#This Row],[Volume Delivered (T)]]/(Table110[[#This Row],[SOC (TPD)]]/24)),"") -> 21.734694 | AL6: =IFERROR(Table110[[#This Row],[Operating Time]]/Table110[[#This Row],[PRODUCTION HOURS]],"") -> 0.94498669 | AM6: 96 | AN6: YES | AO6: NO | AP6: 23 | AQ6: 23 | AS6: =IFERROR(SUMIFS(#REF!,#REF!,'Shift Wise-Data Sheet'!A:A,#REF!,"Samridhi Perk Line")/SUMIFS(#REF!,#REF!,'Shift Wise-Data Sheet'!A:A,#REF!,"Samridhi Perk Line"),"") | AT6: 13 | AU6: 0 | AV6: =IFERROR(VLOOKUP(Table110[[#This Row],[Date]],'Overweight Data'!A4:G1099,6,FALSE),"") | AW6: =IFERROR( IF( OR(Table110[[#This Row],[Operating Time]]=0, (Table110[[#This Row],[Operating Time]]/IF(AD6<=1,AD6+1,AD6))*60=0), 1, ((Table110[[#This Row],[Operating Time]])/IF(AD6<=1,AD6+1,AD6))*60 ), "_") -> 1304.0816 | AX6: =COUNTIFS('Downtime Data'!A:A,Table110[[#This Row],[Date]]) -> 1 | AY6: =IFERROR((SUM(Table110[[#This Row],[Minor Stoppages]:[Material Shortages]])/Table110[[#This Row],['# Stops]])*60,"") -> 0 | BA6: 46048
A7: 46024 | B7: =IF(A7="","",TEXT(A7,"dddddd")) -> Friday | D7: _10.3GM | E7: {=IFERROR(INDIRECT(D7),"")} -> 39.2 | F7: 33.5 | G7: 35.1 | H7: =IFERROR((Table110[[#This Row],[Plan]]/Table110[[#This Row],[Hours Used]])/(Table110[[#This Row],[SOC (TPD)]]/24),"") -> 0.85459184 | I7: =IFERROR((Table110[[#This Row],[Volume Delivered (T)]]/Table110[[#This Row],[Hours Used]])/(Table110[[#This Row],[SOC (TPD)]]/24),"") -> 0.89540816 | M7: 1.386 | N7: 0.035 | R7: 1 | S7: 1 | T7: =IF(Table110[[#This Row],[SKU]]="",0,24-Table110[[#This Row],[Legal Non-Operating Time]]-Table110[[#This Row],[No Demand Time]]-Table110[[#This Row],[Force Majeure]]) -> 24 | V7: 1 | AB7: =Table110[[#This Row],[Hours Used]]-SUM(Table110[[#This Row],[Planned Maintenance]:[Start and Finish Production]]) -> 23 | AC7: 0.18333333 | AE7: 0.25 | AI7: =(Table110[[#This Row],[Hours Used]]-SUM(Table110[[#This Row],[Planned Maintenance]:[Start and Finish Production]])-SUM(Table110[[#This Row],[Minor Stoppages]:[Material Shortages]])-Table110[[#This Row],[Quality Loss (Hrs)]]-Table110[[#This Row],[Operating Time]])/3 -> 0.076099773 | AJ7: =IFERROR(IF(Table110[[#This Row],[SKU]]="",0,Table110[[#This Row],[Quality Loss (T)]]/(Table110[[#This Row],[SOC (TPD)]]/24)),"") -> 0.84857143 | AK7: =IFERROR(IF(Table110[[#This Row],[SKU]]="",0,Table110[[#This Row],[Volume Delivered (T)]]/(Table110[[#This Row],[SOC (TPD)]]/24)),"") -> 21.489796 | AL7: =IFERROR(Table110[[#This Row],[Operating Time]]/Table110[[#This Row],[PRODUCTION HOURS]],"") -> 0.93433895 | AM7: 89 | AN7: YES | AO7: NO | AP7: 26 | AQ7: 26 | AR7: 1 | AS7: =IFERROR(SUMIFS(#REF!,#REF!,'Shift Wise-Data Sheet'!A:A,#REF!,"Samridhi Perk Line")/SUMIFS(#REF!,#REF!,'Shift Wise-Data Sheet'!A:A,#REF!,"Samridhi Perk Line"),"") | AT7: 4 | AU7: 0 | AV7: =IFERROR(VLOOKUP(Table110[[#This Row],[Date]],'Overweight Data'!A5:G1100,6,FALSE),"") -> 0.02887921 | AW7: =IFERROR( IF( OR(Table110[[#This Row],[Operating Time]]=0, (Table110[[#This Row],[Operating Time]]/IF(AD7<=1,AD7+1,AD7))*60=0), 1, ((Table110[[#This Row],[Operating Time]])/IF(AD7<=1,AD7+1,AD7))*60 ), "_") -> 1289.3878 | AX7: =COUNTIFS('Downtime Data'!A:A,Table110[[#This Row],[Date]]) -> 2 | AY7: =IFERROR((SUM(Table110[[#This Row],[Minor Stoppages]:[Material Shortages]])/Table110[[#This Row],['# Stops]])*60,"") -> 13 | BA7: 46048
A8: 46025 | B8: =IF(A8="","",TEXT(A8,"dddddd")) -> Saturday | D8: _10.3GM | E8: {=IFERROR(INDIRECT(D8),"")} -> 39.2 | F8: 33.5 | G8: 35.1 | H8: =IFERROR((Table110[[#This Row],[Plan]]/Table110[[#This Row],[Hours Used]])/(Table110[[#This Row],[SOC (TPD)]]/24),"") -> 0.85459184 | I8: =IFERROR((Table110[[#This Row],[Volume Delivered (T)]]/Table110[[#This Row],[Hours Used]])/(Table110[[#This Row],[SOC (TPD)]]/24),"") -> 0.89540816 | M8: 2.038 | N8: 0.035 | R8: 0 | S8: 0 | T8: =IF(Table110[[#This Row],[SKU]]="",0,24-Table110[[#This Row],[Legal Non-Operating Time]]-Table110[[#This Row],[No Demand Time]]-Table110[[#This Row],[Force Majeure]]) -> 24 | AB8: =Table110[[#This Row],[Hours Used]]-SUM(Table110[[#This Row],[Planned Maintenance]:[Start and Finish Production]]) -> 24 | AC8: 0.3 | AD8: 0.29166667 | AE8: 0.25 | AI8: =(Table110[[#This Row],[Hours Used]]-SUM(Table110[[#This Row],[Planned Maintenance]:[Start and Finish Production]])-SUM(Table110[[#This Row],[Minor Stoppages]:[Material Shortages]])-Table110[[#This Row],[Quality Loss (Hrs)]]-Table110[[#This Row],[Operating Time]])/3 -> 0.14026077 | AJ8: =IFERROR(IF(Table110[[#This Row],[SKU]]="",0,Table110[[#This Row],[Quality Loss (T)]]/(Table110[[#This Row],[SOC (TPD)]]/24)),"") -> 1.2477551 | AK8: =IFERROR(IF(Table110[[#This Row],[SKU]]="",0,Table110[[#This Row],[Volume Delivered (T)]]/(Table110[[#This Row],[SOC (TPD)]]/24)),"") -> 21.489796 | AL8: =IFERROR(Table110[[#This Row],[Operating Time]]/Table110[[#This Row],[PRODUCTION HOURS]],"") -> 0.89540816 | AM8: 103 | AN8: NO | AO8: NO | AP8: 0 | AQ8: 0 | AS8: =IFERROR(SUMIFS(#REF!,#REF!,'Shift Wise-Data Sheet'!A:A,#REF!,"Samridhi Perk Line")/SUMIFS(#REF!,#REF!,'Shift Wise-Data Sheet'!A:A,#REF!,"Samridhi Perk Line"),"") | AT8: 2 | AU8: 0 | AV8: =IFERROR(VLOOKUP(Table110[[#This Row],[Date]],'Overweight Data'!A6:G1101,6,FALSE),"") -> 0.036184669 | AW8: =IFERROR( IF( OR(Table110[[#This Row],[Operating Time]]=0, (Table110[[#This Row],[Operating Time]]/IF(AD8<=1,AD8+1,AD8))*60=0), 1, ((Table110[[#This Row],[Operating Time]])/IF(AD8<=1,AD8+1,AD8))*60 ), "_") -> 998.23568 | AX8: =COUNTIFS('Downtime Data'!A:A,Table110[[#This Row],[Date]]) -> 3 | AY8: =IFERROR((SUM(Table110[[#This Row],[Minor Stoppages]:[Material Shortages]])/Table110[[#This Row],['# Stops]])*60,"") -> 16.833333 | BA8: 46048
A9: 46026 | B9: =IF(A9="","",TEXT(A9,"dddddd")) -> Sunday | D9: _10.3GM | E9: {=IFERROR(INDIRECT(D9),"")} -> 39.2 | F9: 33.5 | G9: 38.1 | H9: =IFERROR((Table110[[#This Row],[Plan]]/Table110[[#This Row],[Hours Used]])/(Table110[[#This Row],[SOC (TPD)]]/24),"") -> 0.85459184 | I9: =IFERROR((Table110[[#This Row],[Volume Delivered (T)]]/Table110[[#This Row],[Hours Used]])/(Table110[[#This Row],[SOC (TPD)]]/24),"") -> 0.97193878 | M9: 0.5 | N9: 0.035 | R9: 0 | S9: 0 | T9: =IF(Table110[[#This Row],[SKU]]="",0,24-Table110[[#This Row],[Legal Non-Operating Time]]-Table110[[#This Row],[No Demand Time]]-Table110[[#This Row],[Force Majeure]]) -> 24 | AB9: =Table110[[#This Row],[Hours Used]]-SUM(Table110[[#This Row],[Planned Maintenance]:[Start and Finish Production]]) -> 24 | AI9: =(Table110[[#This Row],[Hours Used]]-SUM(Table110[[#This Row],[Planned Maintenance]:[Start and Finish Production]])-SUM(Table110[[#This Row],[Minor Stoppages]:[Material Shortages]])-Table110[[#This Row],[Quality Loss (Hrs)]]-Table110[[#This Row],[Operating Time]])/3 -> 0.12244898 | AJ9: =IFERROR(IF(Table110[[#This Row],[SKU]]="",0,Table110[[#This Row],[Quality Loss (T)]]/(Table110[[#This Row],[SOC (TPD)]]/24)),"") -> 0.30612245 | AK9: =IFERROR(IF(Table110[[#This Row],[SKU]]="",0,Table110[[#This Row],[Volume Delivered (T)]]/(Table110[[#This Row],[SOC (TPD)]]/24)),"") -> 23.326531 | AL9: =IFERROR(Table110[[#This Row],[Operating Time]]/Table110[[#This Row],[PRODUCTION HOURS]],"") -> 0.97193878 | AM9: 110 | AN9: YES | AO9: YES | AP9: 0 | AQ9: 0 | AS9: =IFERROR(SUMIFS(#REF!,#REF!,'Shift Wise-Data Sheet'!A:A,#REF!,"Samridhi Perk Line")/SUMIFS(#REF!,#REF!,'Shift Wise-Data Sheet'!A:A,#REF!,"Samridhi Perk Line"),"") | AT9: 10 | AU9: 0 | AV9: =IFERROR(VLOOKUP(Table110[[#This Row],[Date]],'Overweight Data'!A7:G1102,6,FALSE),"") -> 0.027462253 | AW9: =IFERROR( IF( OR(Table110[[#This Row],[Operating Time]]=0, (Table110[[#This Row],[Operating Time]]/IF(AD9<=1,AD9+1,AD9))*60=0), 1, ((Table110[[#This Row],[Operating Time]])/IF(AD9<=1,AD9+1,AD9))*60 ), "_") -> 1399.5918 | AX9: =COUNTIFS('Downtime Data'!A:A,Table110[[#This Row],[Date]]) -> 0 | AY9: =IFERROR((SUM(Table110[[#This Row],[Minor Stoppages]:[Material Shortages]])/Table110[[#This Row],['# Stops]])*60,"") | BA9: 46048
A10: 46027 | B10: =IF(A10="","",TEXT(A10,"dddddd")) -> Monday | D10: _10.3GM_HT | E10: {=IFERROR(INDIRECT(D10),"")} -> 34.2 | F10: 29.5 | G10: 29.740487 | H10: =IFERROR((Table110[[#This Row],[Plan]]/Table110[[#This Row],[Hours Used]])/(Table110[[#This Row],[SOC (TPD)]]/24),"") -> 0.8625731 | I10: =IFERROR((Table110[[#This Row],[Volume Delivered (T)]]/Table110[[#This Row],[Hours Used]])/(Table110[[#This Row],[SOC (TPD)]]/24),"") -> 0.86960488 | M10: 1.367 | N10: 0.065 | R10: 0 | S10: 0 | T10: =IF(Table110[[#This Row],[SKU]]="",0,24-Table110[[#This Row],[Legal Non-Operating Time]]-Table110[[#This Row],[No Demand Time]]-Table110[[#This Row],[Force Majeure]]) -> 24 | X10: 2 | AB10: =Table110[[#This Row],[Hours Used]]-SUM(Table110[[#This Row],[Planned Maintenance]:[Start and Finish Production]]) -> 22 | AE10: 0.2 | AI10: =(Table110[[#This Row],[Hours Used]]-SUM(Table110[[#This Row],[Planned Maintenance]:[Start and Finish Production]])-SUM(Table110[[#This Row],[Minor Stoppages]:[Material Shortages]])-Table110[[#This Row],[Quality Loss (Hrs)]]-Table110[[#This Row],[Operating Time]])/3 -> -0.0099384795 | AJ10: =IFERROR(IF(Table110[[#This Row],[SKU]]="",0,Table110[[#This Row],[Quality Loss (T)]]/(Table110[[#This Row],[SOC (TPD)]]/24)),"") -> 0.95929825 | AK10: =IFERROR(IF(Table110[[#This Row],[SKU]]="",0,Table110[[#This Row],[Volume Delivered (T)]]/(Table110[[#This Row],[SOC (TPD)]]/24)),"") -> 20.870517 | AL10: =IFERROR(Table110[[#This Row],[Operating Time]]/Table110[[#This Row],[PRODUCTION HOURS]],"") -> 0.94865987 | AM10: 107 | AN10: YES | AO10: YES | AP10: 0 | AQ10: 0 | AS10: =IFERROR(SUMIFS(#REF!,#REF!,'Shift Wise-Data Sheet'!A:A,#REF!,"Samridhi Perk Line")/SUMIFS(#REF!,#REF!,'Shift Wise-Data Sheet'!A:A,#REF!,"Samridhi Perk Line"),"") | AT10: 20 | AU10: 0 | AV10: =IFERROR(VLOOKUP(Table110[[#This Row],[Date]],'Overweight Data'!A8:G1103,6,FALSE),"") -> 0.022648084 | AW10: =IFERROR( IF( OR(Table110[[#This Row],[Operating Time]]=0, (Table110[[#This Row],[Operating Time]]/IF(AD10<=1,AD10+1,AD10))*60=0), 1, ((Table110[[#This Row],[Operating Time]])/IF(AD10<=1,AD10+1,AD10))*60 ), "_") -> 1252.231 | AX10: =COUNTIFS('Downtime Data'!A:A,Table110[[#This Row],[Date]]) -> 2 | AY10: =IFERROR((SUM(Table110[[#This Row],[Minor Stoppages]:[Material Shortages]])/Table110[[#This Row],['# Stops]])*60,"") -> 6 | BA10: 46048
A11: 46028 | B11: =IF(A11="","",TEXT(A11,"dddddd")) -> Tuesday | D11: _10.3GM_HT | E11: {=IFERROR(INDIRECT(D11),"")} -> 34.2 | F11: 30 | G11: 29.884616 | H11: =IFERROR((Table110[[#This Row],[Plan]]/Table110[[#This Row],[Hours Used]])/(Table110[[#This Row],[SOC (TPD)]]/24),"") -> 0.87719298 | I11: =IFERROR((Table110[[#This Row],[Volume Delivered (T)]]/Table110[[#This Row],[Hours Used]])/(Table110[[#This Row],[SOC (TPD)]]/24),"") -> 0.87381918 | N11: 0.062 | R11: 15 | S11: 15 | T11: =IF(Table110[[#This Row],[SKU]]="",0,24-Table110[[#This Row],[Legal Non-Operating Time]]-Table110[[#This Row],[No Demand Time]]-Table110[[#This Row],[Force Majeure]]) -> 24 | U11: 1.8 | X11: 1.5 | AB11: =Table110[[#This Row],[Hours Used]]-SUM(Table110[[#This Row],[Planned Maintenance]:[Start and Finish Production]]) -> 20.7 | AI11: =(Table110[[#This Row],[Hours Used]]-SUM(Table110[[#This Row],[Planned Maintenance]:[Start and Finish Production]])-SUM(Table110[[#This Row],[Minor Stoppages]:[Material Shortages]])-Table110[[#This Row],[Quality Loss (Hrs)]]-Table110[[#This Row],[Operating Time]])/3 -> -0.09055345 | AJ11: =IFERROR(IF(Table110[[#This Row],[SKU]]="",0,Table110[[#This Row],[Quality Loss (T)]]/(Table110[[#This Row],[SOC (TPD)]]/24)),"") -> 0 | AK11: =IFERROR(IF(Table110[[#This Row],[SKU]]="",0,Table110[[#This Row],[Volume Delivered (T)]]/(Table110[[#This Row],[SOC (TPD)]]/24)),"") -> 20.97166 | AL11: =IFERROR(Table110[[#This Row],[Operating Time]]/Table110[[#This Row],[PRODUCTION HOURS]],"") -> 1.0131237 | AM11: 130 | AN11: YES | AO11: YES | AP11: 60 | AQ11: 60 | AR11: 13 | AS11: =IFERROR(SUMIFS(#REF!,#REF!,'Shift Wise-Data Sheet'!A:A,#REF!,"Samridhi Perk Line")/SUMIFS(#REF!,#REF!,'Shift Wise-Data Sheet'!A:A,#REF!,"Samridhi Perk Line"),"") | AT11: 47 | AU11: 0 | AV11: =IFERROR(VLOOKUP(Table110[[#This Row],[Date]],'Overweight Data'!A9:G1104,6,FALSE),"") -> 0.018388357 | AW11: =IFERROR( IF( OR(Table110[[#This Row],[Operating Time]]=0, (Table110[[#This Row],[Operating Time]]/IF(AD11<=1,AD11+1,AD11))*60=0), 1, ((Table110[[#This Row],[Operating Time]])/IF(AD11<=1,AD11+1,AD11))*60 ), "_") -> 1258.2996 | AX11: =COUNTIFS('Downtime Data'!A:A,Table110[[#This Row],[Date]]) -> 1 | AY11: =IFERROR((SUM(Table110[[#This Row],[Minor Stoppages]:[Material Shortages]])/Table110[[#This Row],['# Stops]])*60,"") -> 0 | BA11: 46048
A12: 46029 | B12: =IF(A12="","",TEXT(A12,"dddddd")) -> Wednesday | D12: _10.3GM_HT | E12: {=IFERROR(INDIRECT(D12),"")} -> 34.2 | F12: 30 | G12: 28.848798 | H12: =IFERROR((Table110[[#This Row],[Plan]]/Table110[[#This Row],[Hours Used]])/(Table110[[#This Row],[SOC (TPD)]]/24),"") -> 0.87719298 | I12: =IFERROR((Table110[[#This Row],[Volume Delivered (T)]]/Table110[[#This Row],[Hours Used]])/(Table110[[#This Row],[SOC (TPD)]]/24),"") -> 0.84353211 | M12: 1.609 | N12: 0.055 | R12: 15 | S12: 15 | T12: =IF(Table110[[#This Row],[SKU]]="",0,24-Table110[[#This Row],[Legal Non-Operating Time]]-Table110[[#This Row],[No Demand Time]]-Table110[[#This Row],[Force Majeure]]) -> 24 | U12: 1 | AB12: =Table110[[#This Row],[Hours Used]]-SUM(Table110[[#This Row],[Planned Maintenance]:[Start and Finish Production]]) -> 23 | AE12: 1.5 | AI12: =(Table110[[#This Row],[Hours Used]]-SUM(Table110[[#This Row],[Planned Maintenance]:[Start and Finish Production]])-SUM(Table110[[#This Row],[Minor Stoppages]:[Material Shortages]])-Table110[[#This Row],[Quality Loss (Hrs)]]-Table110[[#This Row],[Operating Time]])/3 -> 0.042035556 | AJ12: =IFERROR(IF(Table110[[#This Row],[SKU]]="",0,Table110[[#This Row],[Quality Loss (T)]]/(Table110[[#This Row],[SOC (TPD)]]/24)),"") -> 1.1291228 | AK12: =IFERROR(IF(Table110[[#This Row],[SKU]]="",0,Table110[[#This Row],[Volume Delivered (T)]]/(Table110[[#This Row],[SOC (TPD)]]/24)),"") -> 20.244771 | AL12: =IFERROR(Table110[[#This Row],[Operating Time]]/Table110[[#This Row],[PRODUCTION HOURS]],"") -> 0.88020741 | AM12: 120 | AN12: YES | AO12: YES | AP12: 0 | AQ12: 0 | AR12: 13 | AS12: =IFERROR(SUMIFS(#REF!,#REF!,'Shift Wise-Data Sheet'!A:A,#REF!,"Samridhi Perk Line")/SUMIFS(#REF!,#REF!,'Shift Wise-Data Sheet'!A:A,#REF!,"Samridhi Perk Line"),"") | AT12: 15 | AU12: 0 | AV12: =IFERROR(VLOOKUP(Table110[[#This Row],[Date]],'Overweight Data'!A10:G1105,6,FALSE),"") -> 0.01786372 | AW12: =IFERROR( IF( OR(Table110[[#This Row],[Operating Time]]=0, (Table110[[#This Row],[Operating Time]]/IF(AD12<=1,AD12+1,AD12))*60=0), 1, ((Table110[[#This Row],[Operating Time]])/IF(AD12<=1,AD12+1,AD12))*60 ), "_") -> 1214.6862 | AX12: =COUNTIFS('Downtime Data'!A:A,Table110[[#This Row],[Date]]) -> 1 | AY12: =IFERROR((SUM(Table110[[#This Row],[Minor Stoppages]:[Material Shortages]])/Table110[[#This Row],['# Stops]])*60,"") -> 90 | BA12: 46048
A13: 46030 | B13: =IF(A13="","",TEXT(A13,"dddddd")) -> Thursday | D13: _10.3GM_HT | E13: {=IFERROR(INDIRECT(D13),"")} -> 34.2 | F13: 30 | G13: 32.847984 | H13: =IFERROR((Table110[[#This Row],[Plan]]/Table110[[#This Row],[Hours Used]])/(Table110[[#This Row],[SOC (TPD)]]/24),"") -> 0.87719298 | I13: =IFERROR((Table110[[#This Row],[Volume Delivered (T)]]/Table110[[#This Row],[Hours Used]])/(Table110[[#This Row],[SOC (TPD)]]/24),"") -> 0.96046737 | M13: 1.2 | N13: 0.052 | R13: 4 | S13: 4 | T13: =IF(Table110[[#This Row],[SKU]]="",0,24-Table110[[#This Row],[Legal Non-Operating Time]]-Table110[[#This Row],[No Demand Time]]-Table110[[#This Row],[Force Majeure]]) -> 24 | AB13: =Table110[[#This Row],[Hours Used]]-SUM(Table110[[#This Row],[Planned Maintenance]:[Start and Finish Production]]) -> 24 | AI13: =(Table110[[#This Row],[Hours Used]]-SUM(Table110[[#This Row],[Planned Maintenance]:[Start and Finish Production]])-SUM(Table110[[#This Row],[Minor Stoppages]:[Material Shortages]])-Table110[[#This Row],[Quality Loss (Hrs)]]-Table110[[#This Row],[Operating Time]])/3 -> 0.035559298 | AJ13: =IFERROR(IF(Table110[[#This Row],[SKU]]="",0,Table110[[#This Row],[Quality Loss (T)]]/(Table110[[#This Row],[SOC (TPD)]]/24)),"") -> 0.84210526 | AK13: =IFERROR(IF(Table110[[#This Row],[SKU]]="",0,Table110[[#This Row],[Volume Delivered (T)]]/(Table110[[#This Row],[SOC (TPD)]]/24)),"") -> 23.051217 | AL13: =IFERROR(Table110[[#This Row],[Operating Time]]/Table110[[#This Row],[PRODUCTION HOURS]],"") -> 0.96046737 | AM13: 132 | AN13: YES | AO13: YES | AP13: 0 | AQ13: 0 | AR13: 3 | AS13: =IFERROR(SUMIFS(#REF!,#REF!,'Shift Wise-Data Sheet'!A:A,#REF!,"Samridhi Perk Line")/SUMIFS(#REF!,#REF!,'Shift Wise-Data Sheet'!A:A,#REF!,"Samridhi Perk Line"),"") | AT13: 25 | AU13: 0 | AV13: =IFERROR(VLOOKUP(Table110[[#This Row],[Date]],'Overweight Data'!A11:G1106,6,FALSE),"") -> 0.025497238 | AW13: =IFERROR( IF( OR(Table110[[#This Row],[Operating Time]]=0, (Table110[[#This Row],[Operating Time]]/IF(AD13<=1,AD13+1,AD13))*60=0), 1, ((Table110[[#This Row],[Operating Time]])/IF(AD13<=1,AD13+1,AD13))*60 ), "_") -> 1383.073 | AX13: =COUNTIFS('Downtime Data'!A:A,Table110[[#This Row],[Date]]) -> 0 | AY13: =IFERROR((SUM(Table110[[#This Row],[Minor Stoppages]:[Material Shortages]])/Table110[[#This Row],['# Stops]])*60,"") | BA13: 46048
A14: 46031 | B14: =IF(A14="","",TEXT(A14,"dddddd")) -> Friday | D14: _10.3GM_HT | E14: {=IFERROR(INDIRECT(D14),"")} -> 34.2 | F14: 30 | G14: 24.2 | H14: =IFERROR((Table110[[#This Row],[Plan]]/Table110[[#This Row],[Hours Used]])/(Table110[[#This Row],[SOC (TPD)]]/24),"") -> 0.87719298 | I14: =IFERROR((Table110[[#This Row],[Volume Delivered (T)]]/Table110[[#This Row],[Hours Used]])/(Table110[[#This Row],[SOC (TPD)]]/24),"") -> 0.70760234 | M14: 1.363 | N14: 0.047 | R14: 0 | S14: 0 | T14: =IF(Table110[[#This Row],[SKU]]="",0,24-Table110[[#This Row],[Legal Non-Operating Time]]-Table110[[#This Row],[No Demand Time]]-Table110[[#This Row],[Force Majeure]]) -> 24 | AB14: =Table110[[#This Row],[Hours Used]]-SUM(Table110[[#This Row],[Planned Maintenance]:[Start and Finish Production]]) -> 24 | AD14: 6 | AI14: =(Table110[[#This Row],[Hours Used]]-SUM(Table110[[#This Row],[Planned Maintenance]:[Start and Finish Production]])-SUM(Table110[[#This Row],[Minor Stoppages]:[Material Shortages]])-Table110[[#This Row],[Quality Loss (Hrs)]]-Table110[[#This Row],[Operating Time]])/3 -> 0.020350877 | AJ14: =IFERROR(IF(Table110[[#This Row],[SKU]]="",0,Table110[[#This Row],[Quality Loss (T)]]/(Table110[[#This Row],[SOC (TPD)]]/24)),"") -> 0.95649123 | AK14: =IFERROR(IF(Table110[[#This Row],[SKU]]="",0,Table110[[#This Row],[Volume Delivered (T)]]/(Table110[[#This Row],[SOC (TPD)]]/24)),"") -> 16.982456 | AL14: =IFERROR(Table110[[#This Row],[Operating Time]]/Table110[[#This Row],[PRODUCTION HOURS]],"") -> 0.70760234 | AN14: YES | AO14: YES | AP14: 0 | AQ14: 0 | AS14: =IFERROR(SUMIFS(#REF!,#REF!,'Shift Wise-Data Sheet'!A:A,#REF!,"Samridhi Perk Line")/SUMIFS(#REF!,#REF!,'Shift Wise-Data Sheet'!A:A,#REF!,"Samridhi Perk Line"),"") | AT14: 12 | AU14: 0 | AV14: =IFERROR(VLOOKUP(Table110[[#This Row],[Date]],'Overweight Data'!A12:G1107,6,FALSE),"") -> 0.027108656 | AW14: =IFERROR( IF( OR(Table110[[#This Row],[Operating Time]]=0, (Table110[[#This Row],[Operating Time]]/IF(AD14<=1,AD14+1,AD14))*60=0), 1, ((Table110[[#This Row],[Operating Time]])/IF(AD14<=1,AD14+1,AD14))*60 ), "_") -> 169.82456 | AX14: =COUNTIFS('Downtime Data'!A:A,Table110[[#This Row],[Date]]) -> 1 | AY14: =IFERROR((SUM(Table110[[#This Row],[Minor Stoppages]:[Material Shortages]])/Table110[[#This Row],['# Stops]])*60,"") -> 360 | BA14: 46048
A15: 46032 | B15: =IF(A15="","",TEXT(A15,"dddddd")) -> Saturday | D15: _10.3GM_HT | E15: {=IFERROR(INDIRECT(D15),"")} -> 34.2 | F15: 15 | G15: 17 | H15: =IFERROR((Table110[[#This Row],[Plan]]/Table110[[#This Row],[Hours Used]])/(Table110[[#This Row],[SOC (TPD)]]/24),"") -> 0.43859649 | I15: =IFERROR((Table110[[#This Row],[Volume Delivered (T)]]/Table110[[#This Row],[Hours Used]])/(Table110[[#This Row],[SOC (TPD)]]/24),"") -> 0.49707602 | N15: 0.042 | R15: 0 | S15: 0 | T15: =IF(Table110[[#This Row],[SKU]]="",0,24-Table110[[#This Row],[Legal Non-Operating Time]]-Table110[[#This Row],[No Demand Time]]-Table110[[#This Row],[Force Majeure]]) -> 24 | W15: 12 | AB15: =Table110[[#This Row],[Hours Used]]-SUM(Table110[[#This Row],[Planned Maintenance]:[Start and Finish Production]]) -> 12 | AI15: =(Table110[[#This Row],[Hours Used]]-SUM(Table110[[#This Row],[Planned Maintenance]:[Start and Finish Production]])-SUM(Table110[[#This Row],[Minor Stoppages]:[Material Shortages]])-Table110[[#This Row],[Quality Loss (Hrs)]]-Table110[[#This Row],[Operating Time]])/3 -> 0.023391813 | AJ15: =IFERROR(IF(Table110[[#This Row],[SKU]]="",0,Table110[[#This Row],[Quality Loss (T)]]/(Table110[[#This Row],[SOC (TPD)]]/24)),"") -> 0 | AK15: =IFERROR(IF(Table110[[#This Row],[SKU]]="",0,Table110[[#This Row],[Volume Delivered (T)]]/(Table110[[#This Row],[SOC (TPD)]]/24)),"") -> 11.929825 | AL15: =IFERROR(Table110[[#This Row],[Operating Time]]/Table110[[#This Row],[PRODUCTION HOURS]],"") -> 0.99415205 | AM15: 131 | AN15: YES | AO15: YES | AP15: 0 | AQ15: 0 | AS15: =IFERROR(SUMIFS(#REF!,#REF!,'Shift Wise-Data Sheet'!A:A,#REF!,"Samridhi Perk Line")/SUMIFS(#REF!,#REF!,'Shift Wise-Data Sheet'!A:A,#REF!,"Samridhi Perk Line"),"") | AT15: 9 | AU15: 0 | AV15: =IFERROR(VLOOKUP(Table110[[#This Row],[Date]],'Overweight Data'!A13:G1108,6,FALSE),"") -> 0.031372007 | AW15: =IFERROR( IF( OR(Table110[[#This Row],[Operating Time]]=0, (Table110[[#This Row],[Operating Time]]/IF(AD15<=1,AD15+1,AD15))*60=0), 1, ((Table110[[#This Row],[Operating Time]])/IF(AD15<=1,AD15+1,AD15))*60 ), "_") -> 715.78947 | AX15: =COUNTIFS('Downtime Data'!A:A,Table110[[#This Row],[Date]]) -> 0 | AY15: =IFERROR((SUM(Table110[[#This Row],[Minor Stoppages]:[Material Shortages]])/Table110[[#This Row],['# Stops]])*60,"") | BA15: 46048
A16: 46033 | B16: =IF(A16="","",TEXT(A16,"dddddd")) -> Sunday | D16: _10.3GM_HT | E16: {=IFERROR(INDIRECT(D16),"")} -> 34.2 | F16: 30 | G16: 31.506096 | H16: =IFERROR((Table110[[#This Row],[Plan]]/Table110[[#This Row],[Hours Used]])/(Table110[[#This Row],[SOC (TPD)]]/24),"") -> 0.87719298 | I16: =IFERROR((Table110[[#This Row],[Volume Delivered (T)]]/Table110[[#This Row],[Hours Used]])/(Table110[[#This Row],[SOC (TPD)]]/24),"") -> 0.92123088 | M16: 1.603 | N16: 0.039 | R16: 1 | S16: 1 | T16: =IF(Table110[[#This Row],[SKU]]="",0,24-Table110[[#This Row],[Legal Non-Operating Time]]-Table110[[#This Row],[No Demand Time]]-Table110[[#This Row],[Force Majeure]]) -> 24 | AB16: =Table110[[#This Row],[Hours Used]]-SUM(Table110[[#This Row],[Planned Maintenance]:[Start and Finish Production]]) -> 24 | AD16: 0.60416667 | AI16: =(Table110[[#This Row],[Hours Used]]-SUM(Table110[[#This Row],[Planned Maintenance]:[Start and Finish Production]])-SUM(Table110[[#This Row],[Minor Stoppages]:[Material Shortages]])-Table110[[#This Row],[Quality Loss (Hrs)]]-Table110[[#This Row],[Operating Time]])/3 -> 0.053793333 | AJ16: =IFERROR(IF(Table110[[#This Row],[SKU]]="",0,Table110[[#This Row],[Quality Loss (T)]]/(Table110[[#This Row],[SOC (TPD)]]/24)),"") -> 1.1249123 | AK16: =IFERROR(IF(Table110[[#This Row],[SKU]]="",0,Table110[[#This Row],[Volume Delivered (T)]]/(Table110[[#This Row],[SOC (TPD)]]/24)),"") -> 22.109541 | AL16: =IFERROR(Table110[[#This Row],[Operating Time]]/Table110[[#This Row],[PRODUCTION HOURS]],"") -> 0.92123088 | AM16: 107 | AN16: YES | AO16: YES | AP16: 2 | AQ16: 0 | AR16: 1 | AS16: =IFERROR(SUMIFS(#REF!,#REF!,'Shift Wise-Data Sheet'!A:A,#REF!,"Samridhi Perk Line")/SUMIFS(#REF!,#REF!,'Shift Wise-Data Sheet'!A:A,#REF!,"Samridhi Perk Line"),"") | AT16: 4 | AU16: 0 | AV16: =IFERROR(VLOOKUP(Table110[[#This Row],[Date]],'Overweight Data'!A14:G1109,6,FALSE),"") -> 0.013554328 | AW16: =IFERROR( IF( OR(Table110[[#This Row],[Operating Time]]=0, (Table110[[#This Row],[Operating Time]]/IF(AD16<=1,AD16+1,AD16))*60=0), 1, ((Table110[[#This Row],[Operating Time]])/IF(AD16<=1,AD16+1,AD16))*60 ), "_") -> 826.95426 | AX16: =COUNTIFS('Downtime Data'!A:A,Table110[[#This Row],[Date]]) -> 1 | AY16: =IFERROR((SUM(Table110[[#This Row],[Minor Stoppages]:[Material Shortages]])/Table110[[#This Row],['# Stops]])*60,"") -> 36.25 | BA16: 46048
A17: 46034 | B17: =IF(A17="","",TEXT(A17,"dddddd")) -> Monday | D17: _10.3GM_HT | E17: {=IFERROR(INDIRECT(D17),"")} -> 34.2 | F17: 30 | G17: 28.5 | H17: =IFERROR((Table110[[#This Row],[Plan]]/Table110[[#This Row],[Hours Used]])/(Table110[[#This Row],[SOC (TPD)]]/24),"") -> 0.87719298 | I17: =IFERROR((Table110[[#This Row],[Volume Delivered (T)]]/Table110[[#This Row],[Hours Used]])/(Table110[[#This Row],[SOC (TPD)]]/24),"") -> 0.83333333 | N17: 0.036 | R17: 1 | S17: 1 | T17: =IF(Table110[[#This Row],[SKU]]="",0,24-Table110[[#This Row],[Legal Non-Operating Time]]-Table110[[#This Row],[No Demand Time]]-Table110[[#This Row],[Force Majeure]]) -> 24 | X17: 1.1 | AB17: =Table110[[#This Row],[Hours Used]]-SUM(Table110[[#This Row],[Planned Maintenance]:[Start and Finish Production]]) -> 22.9 | AD17: 3 | AI17: =(Table110[[#This Row],[Hours Used]]-SUM(Table110[[#This Row],[Planned Maintenance]:[Start and Finish Production]])-SUM(Table110[[#This Row],[Minor Stoppages]:[Material Shortages]])-Table110[[#This Row],[Quality Loss (Hrs)]]-Table110[[#This Row],[Operating Time]])/3 -> -0.033333333 | AJ17: =IFERROR(IF(Table110[[#This Row],[SKU]]="",0,Table110[[#This Row],[Quality Loss (T)]]/(Table110[[#This Row],[SOC (TPD)]]/24)),"") -> 0 | AK17: =IFERROR(IF(Table110[[#This Row],[SKU]]="",0,Table110[[#This Row],[Volume Delivered (T)]]/(Table110[[#This Row],[SOC (TPD)]]/24)),"") -> 20 | AL17: =IFERROR(Table110[[#This Row],[Operating Time]]/Table110[[#This Row],[PRODUCTION HOURS]],"") -> 0.87336245 | AM17: 94 | AN17: YES | AO17: YES | AP17: 1 | AQ17: 1 | AR17: 1 | AS17: =IFERROR(SUMIFS(#REF!,#REF!,'Shift Wise-Data Sheet'!A:A,#REF!,"Samridhi Perk Line")/SUMIFS(#REF!,#REF!,'Shift Wise-Data Sheet'!A:A,#REF!,"Samridhi Perk Line"),"") | AT17: 17 | AU17: 0 | AV17: =IFERROR(VLOOKUP(Table110[[#This Row],[Date]],'Overweight Data'!A15:G1110,6,FALSE),"") -> 0.023304105 | AW17: =IFERROR( IF( OR(Table110[[#This Row],[Operating Time]]=0, (Table110[[#This Row],[Operating Time]]/IF(AD17<=1,AD17+1,AD17))*60=0), 1, ((Table110[[#This Row],[Operating Time]])/IF(AD17<=1,AD17+1,AD17))*60 ), "_") -> 400 | AX17: =COUNTIFS('Downtime Data'!A:A,Table110[[#This Row],[Date]]) -> 2 | AY17: =IFERROR((SUM(Table110[[#This Row],[Minor Stoppages]:[Material Shortages]])/Table110[[#This Row],['# Stops]])*60,"") -> 90 | BA17: 46048
A18: 46035 | B18: =IF(A18="","",TEXT(A18,"dddddd")) -> Tuesday | D18: _10.3GM_HT | E18: {=IFERROR(INDIRECT(D18),"")} -> 34.2 | F18: 30 | G18: 32.7 | H18: =IFERROR((Table110[[#This Row],[Plan]]/Table110[[#This Row],[Hours Used]])/(Table110[[#This Row],[SOC (TPD)]]/24),"") -> 0.87719298 | I18: =IFERROR((Table110[[#This Row],[Volume Delivered (T)]]/Table110[[#This Row],[Hours Used]])/(Table110[[#This Row],[SOC (TPD)]]/24),"") -> 0.95614035 | M18: 1.362 | N18: 0.035 | R18: 0 | S18: 0 | T18: =IF(Table110[[#This Row],[SKU]]="",0,24-Table110[[#This Row],[Legal Non-Operating Time]]-Table110[[#This Row],[No Demand Time]]-Table110[[#This Row],[Force Majeure]]) -> 24 | AB18: =Table110[[#This Row],[Hours Used]]-SUM(Table110[[#This Row],[Planned Maintenance]:[Start and Finish Production]]) -> 24 | AI18: =(Table110[[#This Row],[Hours Used]]-SUM(Table110[[#This Row],[Planned Maintenance]:[Start and Finish Production]])-SUM(Table110[[#This Row],[Minor Stoppages]:[Material Shortages]])-Table110[[#This Row],[Quality Loss (Hrs)]]-Table110[[#This Row],[Operating Time]])/3 -> 0.032280702 | AJ18: =IFERROR(IF(Table110[[#This Row],[SKU]]="",0,Table110[[#This Row],[Quality Loss (T)]]/(Table110[[#This Row],[SOC (TPD)]]/24)),"") -> 0.95578947 | AK18: =IFERROR(IF(Table110[[#This Row],[SKU]]="",0,Table110[[#This Row],[Volume Delivered (T)]]/(Table110[[#This Row],[SOC (TPD)]]/24)),"") -> 22.947368 | AL18: =IFERROR(Table110[[#This Row],[Operating Time]]/Table110[[#This Row],[PRODUCTION HOURS]],"") -> 0.95614035 | AM18: 100 | AN18: YES | AO18: YES | AP18: 46 | AQ18: 45 | AS18: =IFERROR(SUMIFS(#REF!,#REF!,'Shift Wise-Data Sheet'!A:A,#REF!,"Samridhi Perk Line")/SUMIFS(#REF!,#REF!,'Shift Wise-Data Sheet'!A:A,#REF!,"Samridhi Perk Line"),"") | AT18: 21 | AU18: 0 | AV18: =IFERROR(VLOOKUP(Table110[[#This Row],[Date]],'Overweight Data'!A16:G1111,6,FALSE),"") -> 0.021852497 | AW18: =IFERROR( IF( OR(Table110[[#This Row],[Operating Time]]=0, (Table110[[#This Row],[Operating Time]]/IF(AD18<=1,AD18+1,AD18))*60=0), 1, ((Table110[[#This Row],[Operating Time]])/IF(AD18<=1,AD18+1,AD18))*60 ), "_") -> 1376.8421 | AX18: =COUNTIFS('Downtime Data'!A:A,Table110[[#This Row],[Date]]) -> 0 | AY18: =IFERROR((SUM(Table110[[#This Row],[Minor Stoppages]:[Material Shortages]])/Table110[[#This Row],['# Stops]])*60,"") | BA18: 46048
A19: 46036 | B19: =IF(A19="","",TEXT(A19,"dddddd")) -> Wednesday | D19: _10.3GM_HT | E19: {=IFERROR(INDIRECT(D19),"")} -> 34.2 | F19: 30 | G19: 30 | H19: =IFERROR((Table110[[#This Row],[Plan]]/Table110[[#This Row],[Hours Used]])/(Table110[[#This Row],[SOC (TPD)]]/24),"") -> 0.87719298 | I19: =IFERROR((Table110[[#This Row],[Volume Delivered (T)]]/Table110[[#This Row],[Hours Used]])/(Table110[[#This Row],[SOC (TPD)]]/24),"") -> 0.87719298 | M19: 2.127 | N19: 0.035 | R19: 0 | S19: 0 | T19: =IF(Table110[[#This Row],[SKU]]="",0,24-Table110[[#This Row],[Legal Non-Operating Time]]-Table110[[#This Row],[No Demand Time]]-Table110[[#This Row],[Force Majeure]]) -> 24 | X19: 1 | AB19: =Table110[[#This Row],[Hours Used]]-SUM(Table110[[#This Row],[Planned Maintenance]:[Start and Finish Production]]) -> 23 | AE19: 0.45 | AI19: =(Table110[[#This Row],[Hours Used]]-SUM(Table110[[#This Row],[Planned Maintenance]:[Start and Finish Production]])-SUM(Table110[[#This Row],[Minor Stoppages]:[Material Shortages]])-Table110[[#This Row],[Quality Loss (Hrs)]]-Table110[[#This Row],[Operating Time]])/3 -> 0.0015789474 | AJ19: =IFERROR(IF(Table110[[#This Row],[SKU]]="",0,Table110[[#This Row],[Quality Loss (T)]]/(Table110[[#This Row],[SOC (TPD)]]/24)),"") -> 1.4926316 | AK19: =IFERROR(IF(Table110[[#This Row],[SKU]]="",0,Table110[[#This Row],[Volume Delivered (T)]]/(Table110[[#This Row],[SOC (TPD)]]/24)),"") -> 21.052632 | AL19: =IFERROR(Table110[[#This Row],[Operating Time]]/Table110[[#This Row],[PRODUCTION HOURS]],"") -> 0.91533181 | AM19: 92 | AN19: YES | AO19: YES | AP19: 0 | AQ19: 0 | AS19: =IFERROR(SUMIFS(#REF!,#REF!,'Shift Wise-Data Sheet'!A:A,#REF!,"Samridhi Perk Line")/SUMIFS(#REF!,#REF!,'Shift Wise-Data Sheet'!A:A,#REF!,"Samridhi Perk Line"),"") | AT19: 18 | AU19: 0 | AV19: =IFERROR(VLOOKUP(Table110[[#This Row],[Date]],'Overweight Data'!A17:G1112,6,FALSE),"") -> 0.01962866 | AW19: =IFERROR( IF( OR(Table110[[#This Row],[Operating Time]]=0, (Table110[[#This Row],[Operating Time]]/IF(AD19<=1,AD19+1,AD19))*60=0), 1, ((Table110[[#This Row],[Operating Time]])/IF(AD19<=1,AD19+1,AD19))*60 ), "_") -> 1263.1579 | AX19: =COUNTIFS('Downtime Data'!A:A,Table110[[#This Row],[Date]]) -> 2 | AY19: =IFERROR((SUM(Table110[[#This Row],[Minor Stoppages]:[Material Shortages]])/Table110[[#This Row],['# Stops]])*60,"") -> 13.5 | BA19: 46048
A20: 46037 | B20: =IF(A20="","",TEXT(A20,"dddddd")) -> Thursday | D20: _10.3GM_HT | E20: {=IFERROR(INDIRECT(D20),"")} -> 34.2 | F20: 30 | G20: 31.5 | H20: =IFERROR((Table110[[#This Row],[Plan]]/Table110[[#This Row],[Hours Used]])/(Table110[[#This Row],[SOC (TPD)]]/24),"") -> 0.87719298 | I20: =IFERROR((Table110[[#This Row],[Volume Delivered (T)]]/Table110[[#This Row],[Hours Used]])/(Table110[[#This Row],[SOC (TPD)]]/24),"") -> 0.92105263 | N20: 0.035 | R20: 0 | S20: 0 | T20: =IF(Table110[[#This Row],[SKU]]="",0,24-Table110[[#This Row],[Legal Non-Operating Time]]-Table110[[#This Row],[No Demand Time]]-Table110[[#This Row],[Force Majeure]]) -> 24 | X20: 2.2 | AB20: =Table110[[#This Row],[Hours Used]]-SUM(Table110[[#This Row],[Planned Maintenance]:[Start and Finish Production]]) -> 21.8 | AI20: =(Table110[[#This Row],[Hours Used]]-SUM(Table110[[#This Row],[Planned Maintenance]:[Start and Finish Production]])-SUM(Table110[[#This Row],[Minor Stoppages]:[Material Shortages]])-Table110[[#This Row],[Quality Loss (Hrs)]]-Table110[[#This Row],[Operating Time]])/3 -> -0.10175439 | AJ20: =IFERROR(IF(Table110[[#This Row],[SKU]]="",0,Table110[[#This Row],[Quality Loss (T)]]/(Table110[[#This Row],[SOC (TPD)]]/24)),"") -> 0 | AK20: =IFERROR(IF(Table110[[#This Row],[SKU]]="",0,Table110[[#This Row],[Volume Delivered (T)]]/(Table110[[#This Row],[SOC (TPD)]]/24)),"") -> 22.105263 | AL20: =IFERROR(Table110[[#This Row],[Operating Time]]/Table110[[#This Row],[PRODUCTION HOURS]],"") -> 1.0140029 | AM20: 114 | AN20: YES | AO20: YES | AP20: 2 | AQ20: 2 | AS20: =IFERROR(SUMIFS(#REF!,#REF!,'Shift Wise-Data Sheet'!A:A,#REF!,"Samridhi Perk Line")/SUMIFS(#REF!,#REF!,'Shift Wise-Data Sheet'!A:A,#REF!,"Samridhi Perk Line"),"") | AT20: 7 | AU20: 0 | AV20: =IFERROR(VLOOKUP(Table110[[#This Row],[Date]],'Overweight Data'!A18:G1113,6,FALSE),"") -> 0.023287293 | AW20: =IFERROR( IF( OR(Table110[[#This Row],[Operating Time]]=0, (Table110[[#This Row],[Operating Time]]/IF(AD20<=1,AD20+1,AD20))*60=0), 1, ((Table110[[#This Row],[Operating Time]])/IF(AD20<=1,AD20+1,AD20))*60 ), "_") -> 1326.3158 | AX20: =COUNTIFS('Downtime Data'!A:A,Table110[[#This Row],[Date]]) -> 1 | AY20: =IFERROR((SUM(Table110[[#This Row],[Minor Stoppages]:[Material Shortages]])/Table110[[#This Row],['# Stops]])*60,"") -> 0 | BA20: 46048
A21: 46038 | B21: =IF(A21="","",TEXT(A21,"dddddd")) -> Friday | D21: _10.3GM | E21: {=IFERROR(INDIRECT(D21),"")} -> 39.2 | F21: 32 | G21: 38.6 | H21: =IFERROR((Table110[[#This Row],[Plan]]/Table110[[#This Row],[Hours Used]])/(Table110[[#This Row],[SOC (TPD)]]/24),"") -> 0.81632653 | I21: =IFERROR((Table110[[#This Row],[Volume Delivered (T)]]/Table110[[#This Row],[Hours Used]])/(Table110[[#This Row],[SOC (TPD)]]/24),"") -> 0.98469388 | N21: 0.035 | R21: 0 | S21: 0 | T21: =IF(Table110[[#This Row],[SKU]]="",0,24-Table110[[#This Row],[Legal Non-Operating Time]]-Table110[[#This Row],[No Demand Time]]-Table110[[#This Row],[Force Majeure]]) -> 24 | AB21: =Table110[[#This Row],[Hours Used]]-SUM(Table110[[#This Row],[Planned Maintenance]:[Start and Finish Production]]) -> 24 | AI21: =(Table110[[#This Row],[Hours Used]]-SUM(Table110[[#This Row],[Planned Maintenance]:[Start and Finish Production]])-SUM(Table110[[#This Row],[Minor Stoppages]:[Material Shortages]])-Table110[[#This Row],[Quality Loss (Hrs)]]-Table110[[#This Row],[Operating Time]])/3 -> 0.12244898 | AJ21: =IFERROR(IF(Table110[[#This Row],[SKU]]="",0,Table110[[#This Row],[Quality Loss (T)]]/(Table110[[#This Row],[SOC (TPD)]]/24)),"") -> 0 | AK21: =IFERROR(IF(Table110[[#This Row],[SKU]]="",0,Table110[[#This Row],[Volume Delivered (T)]]/(Table110[[#This Row],[SOC (TPD)]]/24)),"") -> 23.632653 | AL21: =IFERROR(Table110[[#This Row],[Operating Time]]/Table110[[#This Row],[PRODUCTION HOURS]],"") -> 0.98469388 | AM21: 119 | AN21: YES | AO21: YES | AP21: 0 | AQ21: 0 | AS21: =IFERROR(SUMIFS(#REF!,#REF!,'Shift Wise-Data Sheet'!A:A,#REF!,"Samridhi Perk Line")/SUMIFS(#REF!,#REF!,'Shift Wise-Data Sheet'!A:A,#REF!,"Samridhi Perk Line"),"") | AT21: 8 | AU21: 0 | AV21: =IFERROR(VLOOKUP(Table110[[#This Row],[Date]],'Overweight Data'!A19:G1114,6,FALSE),"") -> 0.02558011 | AW21: =IFERROR( IF( OR(Table110[[#This Row],[Operating Time]]=0, (Table110[[#This Row],[Operating Time]]/IF(AD21<=1,AD21+1,AD21))*60=0), 1, ((Table110[[#This Row],[Operating Time]])/IF(AD21<=1,AD21+1,AD21))*60 ), "_") -> 1417.9592 | AX21: =COUNTIFS('Downtime Data'!A:A,Table110[[#This Row],[Date]]) -> 0 | AY21: =IFERROR((SUM(Table110[[#This Row],[Minor Stoppages]:[Material Shortages]])/Table110[[#This Row],['# Stops]])*60,"") | BA21: 46048
A22: 46039 | B22: =IF(A22="","",TEXT(A22,"dddddd")) -> Saturday | D22: _10.3GM | E22: {=IFERROR(INDIRECT(D22),"")} -> 39.2 | F22: 32 | G22: 35.2 | H22: =IFERROR((Table110[[#This Row],[Plan]]/Table110[[#This Row],[Hours Used]])/(Table110[[#This Row],[SOC (TPD)]]/24),"") -> 0.81632653 | I22: =IFERROR((Table110[[#This Row],[Volume Delivered (T)]]/Table110[[#This Row],[Hours Used]])/(Table110[[#This Row],[SOC (TPD)]]/24),"") -> 0.89795918 | M22: 0.2 | N22: 0.035 | R22: 0 | S22: 0 | T22: =IF(Table110[[#This Row],[SKU]]="",0,24-Table110[[#This Row],[Legal Non-Operating Time]]-Table110[[#This Row],[No Demand Time]]-Table110[[#This Row],[Force Majeure]]) -> 24 | AB22: =Table110[[#This Row],[Hours Used]]-SUM(Table110[[#This Row],[Planned Maintenance]:[Start and Finish Production]]) -> 24 | AE22: 1 | AI22: =(Table110[[#This Row],[Hours Used]]-SUM(Table110[[#This Row],[Planned Maintenance]:[Start and Finish Production]])-SUM(Table110[[#This Row],[Minor Stoppages]:[Material Shortages]])-Table110[[#This Row],[Quality Loss (Hrs)]]-Table110[[#This Row],[Operating Time]])/3 -> 0.44217687 | AJ22: =IFERROR(IF(Table110[[#This Row],[SKU]]="",0,Table110[[#This Row],[Quality Loss (T)]]/(Table110[[#This Row],[SOC (TPD)]]/24)),"") -> 0.12244898 | AK22: =IFERROR(IF(Table110[[#This Row],[SKU]]="",0,Table110[[#This Row],[Volume Delivered (T)]]/(Table110[[#This Row],[SOC (TPD)]]/24)),"") -> 21.55102 | AL22: =IFERROR(Table110[[#This Row],[Operating Time]]/Table110[[#This Row],[PRODUCTION HOURS]],"") -> 0.89795918 | AM22: 111 | AN22: YES | AO22: YES | AP22: 0 | AQ22: 0 | AS22: =IFERROR(SUMIFS(#REF!,#REF!,'Shift Wise-Data Sheet'!A:A,#REF!,"Samridhi Perk Line")/SUMIFS(#REF!,#REF!,'Shift Wise-Data Sheet'!A:A,#REF!,"Samridhi Perk Line"),"") | AT22: 35 | AU22: 0 | AV22: =IFERROR(VLOOKUP(Table110[[#This Row],[Date]],'Overweight Data'!A20:G1115,6,FALSE),"") -> 0.031058932 | AW22: =IFERROR( IF( OR(Table110[[#This Row],[Operating Time]]=0, (Table110[[#This Row],[Operating Time]]/IF(AD22<=1,AD22+1,AD22))*60=0), 1, ((Table110[[#This Row],[Operating Time]])/IF(AD22<=1,AD22+1,AD22))*60 ), "_") -> 1293.0612 | AX22: =COUNTIFS('Downtime Data'!A:A,Table110[[#This Row],[Date]]) -> 1 | AY22: =IFERROR((SUM(Table110[[#This Row],[Minor Stoppages]:[Material Shortages]])/Table110[[#This Row],['# Stops]])*60,"") -> 60 | BA22: 46048
A23: 46040 | B23: =IF(A23="","",TEXT(A23,"dddddd")) -> Sunday | D23: _10.3GM | E23: {=IFERROR(INDIRECT(D23),"")} -> 39.2 | F23: 32 | G23: 32.59 | H23: =IFERROR((Table110[[#This Row],[Plan]]/Table110[[#This Row],[Hours Used]])/(Table110[[#This Row],[SOC (TPD)]]/24),"") -> 0.81632653 | I23: =IFERROR((Table110[[#This Row],[Volume Delivered (T)]]/Table110[[#This Row],[Hours Used]])/(Table110[[#This Row],[SOC (TPD)]]/24),"") -> 0.83137755 | M23: 1.72 | N23: 0.035 | R23: 0 | S23: 0 | T23: =IF(Table110[[#This Row],[SKU]]="",0,24-Table110[[#This Row],[Legal Non-Operating Time]]-Table110[[#This Row],[No Demand Time]]-Table110[[#This Row],[Force Majeure]]) -> 24 | AB23: =Table110[[#This Row],[Hours Used]]-SUM(Table110[[#This Row],[Planned Maintenance]:[Start and Finish Production]]) -> 24 | AC23: 0.5 | AD23: 1 | AE23: 0.75 | AI23: =(Table110[[#This Row],[Hours Used]]-SUM(Table110[[#This Row],[Planned Maintenance]:[Start and Finish Production]])-SUM(Table110[[#This Row],[Minor Stoppages]:[Material Shortages]])-Table110[[#This Row],[Quality Loss (Hrs)]]-Table110[[#This Row],[Operating Time]])/3 -> 0.24795918 | AJ23: =IFERROR(IF(Table110[[#This Row],[SKU]]="",0,Table110[[#This Row],[Quality Loss (T)]]/(Table110[[#This Row],[SOC (TPD)]]/24)),"") -> 1.0530612 | AK23: =IFERROR(IF(Table110[[#This Row],[SKU]]="",0,Table110[[#This Row],[Volume Delivered (T)]]/(Table110[[#This Row],[SOC (TPD)]]/24)),"") -> 19.953061 | AL23: =IFERROR(Table110[[#This Row],[Operating Time]]/Table110[[#This Row],[PRODUCTION HOURS]],"") -> 0.83137755 | AM23: 97 | AN23: YES | AO23: YES | AP23: 0 | AQ23: 0 | AS23: =IFERROR(SUMIFS(#REF!,#REF!,'Shift Wise-Data Sheet'!A:A,#REF!,"Samridhi Perk Line")/SUMIFS(#REF!,#REF!,'Shift Wise-Data Sheet'!A:A,#REF!,"Samridhi Perk Line"),"") | AT23: 2 | AU23: 0 | AV23: =IFERROR(VLOOKUP(Table110[[#This Row],[Date]],'Overweight Data'!A21:G1116,6,FALSE),"") -> 0.018075506 | AW23: =IFERROR( IF( OR(Table110[[#This Row],[Operating Time]]=0, (Table110[[#This Row],[Operating Time]]/IF(AD23<=1,AD23+1,AD23))*60=0), 1, ((Table110[[#This Row],[Operating Time]])/IF(AD23<=1,AD23+1,AD23))*60 ), "_") -> 598.59184 | AX23: =COUNTIFS('Downtime Data'!A:A,Table110[[#This Row],[Date]]) -> 4 | AY23: =IFERROR((SUM(Table110[[#This Row],[Minor Stoppages]:[Material Shortages]])/Table110[[#This Row],['# Stops]])*60,"") -> 33.75 | BA23: 46048
A24: 46041 | B24: =IF(A24="","",TEXT(A24,"dddddd")) -> Monday | D24: _10.3GM | E24: {=IFERROR(INDIRECT(D24),"")} -> 39.2 | F24: 32 | G24: 31.8 | H24: =IFERROR((Table110[[#This Row],[Plan]]/Table110[[#This Row],[Hours Used]])/(Table110[[#This Row],[SOC (TPD)]]/24),"") -> 0.81632653 | I24: =IFERROR((Table110[[#This Row],[Volume Delivered (T)]]/Table110[[#This Row],[Hours Used]])/(Table110[[#This Row],[SOC (TPD)]]/24),"") -> 0.81122449 | M24: 2.048 | N24: 0.035 | R24: 3 | S24: 3 | T24: =IF(Table110[[#This Row],[SKU]]="",0,24-Table110[[#This Row],[Legal Non-Operating Time]]-Table110[[#This Row],[No Demand Time]]-Table110[[#This Row],[Force Majeure]]) -> 24 | AB24: =Table110[[#This Row],[Hours Used]]-SUM(Table110[[#This Row],[Planned Maintenance]:[Start and Finish Production]]) -> 24 | AC24: 1 | AD24: 0.5 | AE24: 1 | AI24: =(Table110[[#This Row],[Hours Used]]-SUM(Table110[[#This Row],[Planned Maintenance]:[Start and Finish Production]])-SUM(Table110[[#This Row],[Minor Stoppages]:[Material Shortages]])-Table110[[#This Row],[Quality Loss (Hrs)]]-Table110[[#This Row],[Operating Time]])/3 -> 0.25891156 | AJ24: =IFERROR(IF(Table110[[#This Row],[SKU]]="",0,Table110[[#This Row],[Quality Loss (T)]]/(Table110[[#This Row],[SOC (TPD)]]/24)),"") -> 1.2538776 | AK24: =IFERROR(IF(Table110[[#This Row],[SKU]]="",0,Table110[[#This Row],[Volume Delivered (T)]]/(Table110[[#This Row],[SOC (TPD)]]/24)),"") -> 19.469388 | AL24: =IFERROR(Table110[[#This Row],[Operating Time]]/Table110[[#This Row],[PRODUCTION HOURS]],"") -> 0.81122449 | AM24: 84 | AN24: YES | AO24: YES | AP24: 3 | AQ24: 0 | AS24: =IFERROR(SUMIFS(#REF!,#REF!,'Shift Wise-Data Sheet'!A:A,#REF!,"Samridhi Perk Line")/SUMIFS(#REF!,#REF!,'Shift Wise-Data Sheet'!A:A,#REF!,"Samridhi Perk Line"),"") | AT24: 7 | AU24: 0 | AV24: =IFERROR(VLOOKUP(Table110[[#This Row],[Date]],'Overweight Data'!A22:G1117,6,FALSE),"") -> 0.020856354 | AW24: =IFERROR( IF( OR(Table110[[#This Row],[Operating Time]]=0, (Table110[[#This Row],[Operating Time]]/IF(AD24<=1,AD24+1,AD24))*60=0), 1, ((Table110[[#This Row],[Operating Time]])/IF(AD24<=1,AD24+1,AD24))*60 ), "_") -> 778.77551 | AX24: =COUNTIFS('Downtime Data'!A:A,Table110[[#This Row],[Date]]) -> 3 | AY24: =IFERROR((SUM(Table110[[#This Row],[Minor Stoppages]:[Material Shortages]])/Table110[[#This Row],['# Stops]])*60,"") -> 50 | BA24: 46048
A25: 46042 | B25: =IF(A25="","",TEXT(A25,"dddddd")) -> Tuesday | D25: _10.3GM | E25: {=IFERROR(INDIRECT(D25),"")} -> 39.2 | F25: 32 | G25: 36.36 | H25: =IFERROR((Table110[[#This Row],[Plan]]/Table110[[#This Row],[Hours Used]])/(Table110[[#This Row],[SOC (TPD)]]/24),"") -> 0.81632653 | I25: =IFERROR((Table110[[#This Row],[Volume Delivered (T)]]/Table110[[#This Row],[Hours Used]])/(Table110[[#This Row],[SOC (TPD)]]/24),"") -> 0.92755102 | M25: 2.123 | N25: 0.035 | R25: 0 | S25: 0 | T25: =IF(Table110[[#This Row],[SKU]]="",0,24-Table110[[#This Row],[Legal Non-Operating Time]]-Table110[[#This Row],[No Demand Time]]-Table110[[#This Row],[Force Majeure]]) -> 24 | AB25: =Table110[[#This Row],[Hours Used]]-SUM(Table110[[#This Row],[Planned Maintenance]:[Start and Finish Production]]) -> 24 | AD25: 0.2 | AI25: =(Table110[[#This Row],[Hours Used]]-SUM(Table110[[#This Row],[Planned Maintenance]:[Start and Finish Production]])-SUM(Table110[[#This Row],[Minor Stoppages]:[Material Shortages]])-Table110[[#This Row],[Quality Loss (Hrs)]]-Table110[[#This Row],[Operating Time]])/3 -> 0.079659864 | AJ25: =IFERROR(IF(Table110[[#This Row],[SKU]]="",0,Table110[[#This Row],[Quality Loss (T)]]/(Table110[[#This Row],[SOC (TPD)]]/24)),"") -> 1.2997959 | AK25: =IFERROR(IF(Table110[[#This Row],[SKU]]="",0,Table110[[#This Row],[Volume Delivered (T)]]/(Table110[[#This Row],[SOC (TPD)]]/24)),"") -> 22.261224 | AL25: =IFERROR(Table110[[#This Row],[Operating Time]]/Table110[[#This Row],[PRODUCTION HOURS]],"") -> 0.92755102 | AM25: 102 | AN25: YES | AO25: YES | AP25: 0 | AQ25: 0 | AS25: =IFERROR(SUMIFS(#REF!,#REF!,'Shift Wise-Data Sheet'!A:A,#REF!,"Samridhi Perk Line")/SUMIFS(#REF!,#REF!,'Shift Wise-Data Sheet'!A:A,#REF!,"Samridhi Perk Line"),"") | AT25: 17 | AU25: 0 | AV25: =IFERROR(VLOOKUP(Table110[[#This Row],[Date]],'Overweight Data'!A23:G1118,6,FALSE),"") -> 0.028775322 | AW25: =IFERROR( IF( OR(Table110[[#This Row],[Operating Time]]=0, (Table110[[#This Row],[Operating Time]]/IF(AD25<=1,AD25+1,AD25))*60=0), 1, ((Table110[[#This Row],[Operating Time]])/IF(AD25<=1,AD25+1,AD25))*60 ), "_") -> 1113.0612 | AX25: =COUNTIFS('Downtime Data'!A:A,Table110[[#This Row],[Date]]) -> 1 | AY25: =IFERROR((SUM(Table110[[#This Row],[Minor Stoppages]:[Material Shortages]])/Table110[[#This Row],['# Stops]])*60,"") -> 12 | BA25: 46048
A26: 46043 | B26: =IF(A26="","",TEXT(A26,"dddddd")) -> Wednesday | D26: HT_Sam | E26: {=IFERROR(INDIRECT(D26),"")} -> 24.5 | F26: 6 | G26: 8 | H26: =IFERROR((Table110[[#This Row],[Plan]]/Table110[[#This Row],[Hours Used]])/(Table110[[#This Row],[SOC (TPD)]]/24),"") -> 0.48979592 | I26: =IFERROR((Table110[[#This Row],[Volume Delivered (T)]]/Table110[[#This Row],[Hours Used]])/(Table110[[#This Row],[SOC (TPD)]]/24),"") -> 0.65306122 | K26: 12 | M26: 0.2 | N26: 0.035 | R26: 0 | S26: 0 | T26: =IF(Table110[[#This Row],[SKU]]="",0,24-Table110[[#This Row],[Legal Non-Operating Time]]-Table110[[#This Row],[No Demand Time]]-Table110[[#This Row],[Force Majeure]]) -> 12 | W26: 4 | AB26: =Table110[[#This Row],[Hours Used]]-SUM(Table110[[#This Row],[Planned Maintenance]:[Start and Finish Production]]) -> 8 | AI26: =(Table110[[#This Row],[Hours Used]]-SUM(Table110[[#This Row],[Planned Maintenance]:[Start and Finish Production]])-SUM(Table110[[#This Row],[Minor Stoppages]:[Material Shortages]])-Table110[[#This Row],[Quality Loss (Hrs)]]-Table110[[#This Row],[Operating Time]])/3 -> -0.010884354 | AJ26: =IFERROR(IF(Table110[[#This Row],[SKU]]="",0,Table110[[#This Row],[Quality Loss (T)]]/(Table110[[#This Row],[SOC (TPD)]]/24)),"") -> 0.19591837 | AK26: =IFERROR(IF(Table110[[#This Row],[SKU]]="",0,Table110[[#This Row],[Volume Delivered (T)]]/(Table110[[#This Row],[SOC (TPD)]]/24)),"") -> 7.8367347 | AL26: =IFERROR(Table110[[#This Row],[Operating Time]]/Table110[[#This Row],[PRODUCTION HOURS]],"") -> 0.97959184 | AM26: 96 | AN26: YES | AO26: YES | AP26: 18 | AQ26: 18 | AS26: =IFERROR(SUMIFS(#REF!,#REF!,'Shift Wise-Data Sheet'!A:A,#REF!,"Samridhi Perk Line")/SUMIFS(#REF!,#REF!,'Shift Wise-Data Sheet'!A:A,#REF!,"Samridhi Perk Line"),"") | AT26: 13 | AU26: 0 | AV26: =IFERROR(VLOOKUP(Table110[[#This Row],[Date]],'Overweight Data'!A24:G1119,6,FALSE),"") -> 0.022812174 | AW26: =IFERROR( IF( OR(Table110[[#This Row],[Operating Time]]=0, (Table110[[#This Row],[Operating Time]]/IF(AD26<=1,AD26+1,AD26))*60=0), 1, ((Table110[[#This Row],[Operating Time]])/IF(AD26<=1,AD26+1,AD26))*60 ), "_") -> 470.20408 | AX26: =COUNTIFS('Downtime Data'!A:A,Table110[[#This Row],[Date]]) -> 1 | AY26: =IFERROR((SUM(Table110[[#This Row],[Minor Stoppages]:[Material Shortages]])/Table110[[#This Row],['# Stops]])*60,"") -> 0 | BA26: 46048
A27: 46044 | B27: =IF(A27="","",TEXT(A27,"dddddd")) -> Thursday | D27: HT_Sam | E27: {=IFERROR(INDIRECT(D27),"")} -> 24.5 | F27: 20 | G27: 21.16 | H27: =IFERROR((Table110[[#This Row],[Plan]]/Table110[[#This Row],[Hours Used]])/(Table110[[#This Row],[SOC (TPD)]]/24),"") -> 0.81632653 | I27: =IFERROR((Table110[[#This Row],[Volume Delivered (T)]]/Table110[[#This Row],[Hours Used]])/(Table110[[#This Row],[SOC (TPD)]]/24),"") -> 0.86367347 | M27: 1.2 | N27: 0.035 | R27: 0 | S27: 0 | T27: =IF(Table110[[#This Row],[SKU]]="",0,24-Table110[[#This Row],[Legal Non-Operating Time]]-Table110[[#This Row],[No Demand Time]]-Table110[[#This Row],[Force Majeure]]) -> 24 | AB27: =Table110[[#This Row],[Hours Used]]-SUM(Table110[[#This Row],[Planned Maintenance]:[Start and Finish Production]]) -> 24 | AC27: 0.7 | AE27: 1 | AI27: =(Table110[[#This Row],[Hours Used]]-SUM(Table110[[#This Row],[Planned Maintenance]:[Start and Finish Production]])-SUM(Table110[[#This Row],[Minor Stoppages]:[Material Shortages]])-Table110[[#This Row],[Quality Loss (Hrs)]]-Table110[[#This Row],[Operating Time]])/3 -> 0.13210884 | AJ27: =IFERROR(IF(Table110[[#This Row],[SKU]]="",0,Table110[[#This Row],[Quality Loss (T)]]/(Table110[[#This Row],[SOC (TPD)]]/24)),"") -> 1.1755102 | AK27: =IFERROR(IF(Table110[[#This Row],[SKU]]="",0,Table110[[#This Row],[Volume Delivered (T)]]/(Table110[[#This Row],[SOC (TPD)]]/24)),"") -> 20.728163 | AL27: =IFERROR(Table110[[#This Row],[Operating Time]]/Table110[[#This Row],[PRODUCTION HOURS]],"") -> 0.86367347 | AM27: 131 | AN27: YES | AO27: YES | AP27: 0 | AQ27: 0 | AS27: =IFERROR(SUMIFS(#REF!,#REF!,'Shift Wise-Data Sheet'!A:A,#REF!,"Samridhi Perk Line")/SUMIFS(#REF!,#REF!,'Shift Wise-Data Sheet'!A:A,#REF!,"Samridhi Perk Line"),"") | AT27: 6 | AU27: 1 | AV27: =IFERROR(VLOOKUP(Table110[[#This Row],[Date]],'Overweight Data'!A25:G1120,6,FALSE),"") | AW27: =IFERROR( IF( OR(Table110[[#This Row],[Operating Time]]=0, (Table110[[#This Row],[Operating Time]]/IF(AD27<=1,AD27+1,AD27))*60=0), 1, ((Table110[[#This Row],[Operating Time]])/IF(AD27<=1,AD27+1,AD27))*60 ), "_") -> 1243.6898 | AX27: =COUNTIFS('Downtime Data'!A:A,Table110[[#This Row],[Date]]) -> 1 | AY27: =IFERROR((SUM(Table110[[#This Row],[Minor Stoppages]:[Material Shortages]])/Table110[[#This Row],['# Stops]])*60,"") -> 102 | BA27: 46048
A28: 46045 | B28: =IF(A28="","",TEXT(A28,"dddddd")) -> Friday | D28: HT_Sam | E28: {=IFERROR(INDIRECT(D28),"")} -> 24.5 | F28: 20 | G28: 17.6 | H28: =IFERROR((Table110[[#This Row],[Plan]]/Table110[[#This Row],[Hours Used]])/(Table110[[#This Row],[SOC (TPD)]]/24),"") -> 0.81632653 | I28: =IFERROR((Table110[[#This Row],[Volume Delivered (T)]]/Table110[[#This Row],[Hours Used]])/(Table110[[#This Row],[SOC (TPD)]]/24),"") -> 0.71836735 | M28: 2.131 | N28: 0.034 | R28: 0 | S28: 0 | T28: =IF(Table110[[#This Row],[SKU]]="",0,24-Table110[[#This Row],[Legal Non-Operating Time]]-Table110[[#This Row],[No Demand Time]]-Table110[[#This Row],[Force Majeure]]) -> 24 | AB28: =Table110[[#This Row],[Hours Used]]-SUM(Table110[[#This Row],[Planned Maintenance]:[Start and Finish Production]]) -> 24 | AC28: 1 | AH28: 3 | AI28: =(Table110[[#This Row],[Hours Used]]-SUM(Table110[[#This Row],[Planned Maintenance]:[Start and Finish Production]])-SUM(Table110[[#This Row],[Minor Stoppages]:[Material Shortages]])-Table110[[#This Row],[Quality Loss (Hrs)]]-Table110[[#This Row],[Operating Time]])/3 -> 0.22389116 | AJ28: =IFERROR(IF(Table110[[#This Row],[SKU]]="",0,Table110[[#This Row],[Quality Loss (T)]]/(Table110[[#This Row],[SOC (TPD)]]/24)),"") -> 2.0875102 | AK28: =IFERROR(IF(Table110[[#This Row],[SKU]]="",0,Table110[[#This Row],[Volume Delivered (T)]]/(Table110[[#This Row],[SOC (TPD)]]/24)),"") -> 17.240816 | AL28: =IFERROR(Table110[[#This Row],[Operating Time]]/Table110[[#This Row],[PRODUCTION HOURS]],"") -> 0.71836735 | AM28: 130 | AN28: YES | AO28: YES | AP28: 0 | AQ28: 0 | AS28: =IFERROR(SUMIFS(#REF!,#REF!,'Shift Wise-Data Sheet'!A:A,#REF!,"Samridhi Perk Line")/SUMIFS(#REF!,#REF!,'Shift Wise-Data Sheet'!A:A,#REF!,"Samridhi Perk Line"),"") | AT28: 10 | AU28: 0 | AV28: =IFERROR(VLOOKUP(Table110[[#This Row],[Date]],'Overweight Data'!A26:G1121,6,FALSE),"") | AW28: =IFERROR( IF( OR(Table110[[#This Row],[Operating Time]]=0, (Table110[[#This Row],[Operating Time]]/IF(AD28<=1,AD28+1,AD28))*60=0), 1, ((Table110[[#This Row],[Operating Time]])/IF(AD28<=1,AD28+1,AD28))*60 ), "_") -> 1034.449 | AX28: =COUNTIFS('Downtime Data'!A:A,Table110[[#This Row],[Date]]) -> 1 | AY28: =IFERROR((SUM(Table110[[#This Row],[Minor Stoppages]:[Material Shortages]])/Table110[[#This Row],['# Stops]])*60,"") -> 240 | BA28: 46048
A29: 46046 | B29: =IF(A29="","",TEXT(A29,"dddddd")) -> Saturday | D29: HT_Sam | E29: {=IFERROR(INDIRECT(D29),"")} -> 24.5 | F29: 20 | G29: 16.1 | H29: =IFERROR((Table110[[#This Row],[Plan]]/Table110[[#This Row],[Hours Used]])/(Table110[[#This Row],[SOC (TPD)]]/24),"") -> 0.81632653 | I29: =IFERROR((Table110[[#This Row],[Volume Delivered (T)]]/Table110[[#This Row],[Hours Used]])/(Table110[[#This Row],[SOC (TPD)]]/24),"") -> 0.65714286 | M29: 1.726 | R29: 0 | S29: 0 | T29: =IF(Table110[[#This Row],[SKU]]="",0,24-Table110[[#This Row],[Legal Non-Operating Time]]-Table110[[#This Row],[No Demand Time]]-Table110[[#This Row],[Force Majeure]]) -> 24 | V29: 1 | AB29: =Table110[[#This Row],[Hours Used]]-SUM(Table110[[#This Row],[Planned Maintenance]:[Start and Finish Production]]) -> 23 | AC29: 1 | AD29: 1 | AE29: 0.5 | AI29: =(Table110[[#This Row],[Hours Used]]-SUM(Table110[[#This Row],[Planned Maintenance]:[Start and Finish Production]])-SUM(Table110[[#This Row],[Minor Stoppages]:[Material Shortages]])-Table110[[#This Row],[Quality Loss (Hrs)]]-Table110[[#This Row],[Operating Time]])/3 -> 1.0125986 | AJ29: =IFERROR(IF(Table110[[#This Row],[SKU]]="",0,Table110[[#This Row],[Quality Loss (T)]]/(Table110[[#This Row],[SOC (TPD)]]/24)),"") -> 1.6907755 | AK29: =IFERROR(IF(Table110[[#This Row],[SKU]]="",0,Table110[[#This Row],[Volume Delivered (T)]]/(Table110[[#This Row],[SOC (TPD)]]/24)),"") -> 15.771429 | AL29: =IFERROR(Table110[[#This Row],[Operating Time]]/Table110[[#This Row],[PRODUCTION HOURS]],"") -> 0.68571429 | AM29: 121 | AN29: YES | AO29: YES | AP29: 0 | AQ29: 0 | AS29: =IFERROR(SUMIFS(#REF!,#REF!,'Shift Wise-Data Sheet'!A:A,#REF!,"Samridhi Perk Line")/SUMIFS(#REF!,#REF!,'Shift Wise-Data Sheet'!A:A,#REF!,"Samridhi Perk Line"),"") | AT29: 8 | AU29: 0 | AV29: =IFERROR(VLOOKUP(Table110[[#This Row],[Date]],'Overweight Data'!A27:G1122,6,FALSE),"") | AW29: =IFERROR( IF( OR(Table110[[#This Row],[Operating Time]]=0, (Table110[[#This Row],[Operating Time]]/IF(AD29<=1,AD29+1,AD29))*60=0), 1, ((Table110[[#This Row],[Operating Time]])/IF(AD29<=1,AD29+1,AD29))*60 ), "_") -> 473.14286 | AX29: =COUNTIFS('Downtime Data'!A:A,Table110[[#This Row],[Date]]) -> 2 | AY29: =IFERROR((SUM(Table110[[#This Row],[Minor Stoppages]:[Material Shortages]])/Table110[[#This Row],['# Stops]])*60,"") -> 75 | BA29: 46048
A30: 46047 | B30: =IF(A30="","",TEXT(A30,"dddddd")) -> Sunday | D30: HT_Sam | E30: {=IFERROR(INDIRECT(D30),"")} -> 24.5 | F30: 20 | G30: 13.59 | H30: =IFERROR((Table110[[#This Row],[Plan]]/Table110[[#This Row],[Hours Used]])/(Table110[[#This Row],[SOC (TPD)]]/24),"") -> 0.81632653 | I30: =IFERROR((Table110[[#This Row],[Volume Delivered (T)]]/Table110[[#This Row],[Hours Used]])/(Table110[[#This Row],[SOC (TPD)]]/24),"") -> 0.55469388 | M30: 1.636 | R30: 0 | S30: 0 | T30: =IF(Table110[[#This Row],[SKU]]="",0,24-Table110[[#This Row],[Legal Non-Operating Time]]-Table110[[#This Row],[No Demand Time]]-Table110[[#This Row],[Force Majeure]]) -> 24 | U30: 2 | W30: 3 | AA30: 2 | AB30: =Table110[[#This Row],[Hours Used]]-SUM(Table110[[#This Row],[Planned Maintenance]:[Start and Finish Production]]) -> 17 | AC30: 1 | AI30: =(Table110[[#This Row],[Hours Used]]-SUM(Table110[[#This Row],[Planned Maintenance]:[Start and Finish Production]])-SUM(Table110[[#This Row],[Minor Stoppages]:[Material Shortages]])-Table110[[#This Row],[Quality Loss (Hrs)]]-Table110[[#This Row],[Operating Time]])/3 -> 0.36157823 | AJ30: =IFERROR(IF(Table110[[#This Row],[SKU]]="",0,Table110[[#This Row],[Quality Loss (T)]]/(Table110[[#This Row],[SOC (TPD)]]/24)),"") -> 1.6026122 | AK30: =IFERROR(IF(Table110[[#This Row],[SKU]]="",0,Table110[[#This Row],[Volume Delivered (T)]]/(Table110[[#This Row],[SOC (TPD)]]/24)),"") -> 13.312653 | AL30: =IFERROR(Table110[[#This Row],[Operating Time]]/Table110[[#This Row],[PRODUCTION HOURS]],"") -> 0.78309724 | AM30: 125 | AN30: YES | AO30: YES | AP30: 0 | AQ30: 0 | AS30: =IFERROR(SUMIFS(#REF!,#REF!,'Shift Wise-Data Sheet'!A:A,#REF!,"Samridhi Perk Line")/SUMIFS(#REF!,#REF!,'Shift Wise-Data Sheet'!A:A,#REF!,"Samridhi Perk Line"),"") | AT30: 4 | AU30: 0 | AV30: =IFERROR(VLOOKUP(Table110[[#This Row],[Date]],'Overweight Data'!A28:G1123,6,FALSE),"") | AW30: =IFERROR( IF( OR(Table110[[#This Row],[Operating Time]]=0, (Table110[[#This Row],[Operating Time]]/IF(AD30<=1,AD30+1,AD30))*60=0), 1, ((Table110[[#This Row],[Operating Time]])/IF(AD30<=1,AD30+1,AD30))*60 ), "_") -> 798.75918 | AX30: =COUNTIFS('Downtime Data'!A:A,Table110[[#This Row],[Date]]) -> 0 | AY30: =IFERROR((SUM(Table110[[#This Row],[Minor Stoppages]:[Material Shortages]])/Table110[[#This Row],['# Stops]])*60,"") | BA30: 46048
A31: 46048 | B31: =IF(A31="","",TEXT(A31,"dddddd")) -> Monday | E31: {=IFERROR(INDIRECT(D31),"")} | H31: =IFERROR((Table110[[#This Row],[Plan]]/Table110[[#This Row],[Hours Used]])/(Table110[[#This Row],[SOC (TPD)]]/24),"") | I31: =IFERROR((Table110[[#This Row],[Volume Delivered (T)]]/Table110[[#This Row],[Hours Used]])/(Table110[[#This Row],[SOC (TPD)]]/24),"") | M31: 0 | R31: 0 | S31: 0 | T31: =IF(Table110[[#This Row],[SKU]]="",0,24-Table110[[#This Row],[Legal Non-Operating Time]]-Table110[[#This Row],[No Demand Time]]-Table110[[#This Row],[Force Majeure]]) -> 0 | AB31: =Table110[[#This Row],[Hours Used]]-SUM(Table110[[#This Row],[Planned Maintenance]:[Start and Finish Production]]) -> 0 | AI31: =(Table110[[#This Row],[Hours Used]]-SUM(Table110[[#This Row],[Planned Maintenance]:[Start and Finish Production]])-SUM(Table110[[#This Row],[Minor Stoppages]:[Material Shortages]])-Table110[[#This Row],[Quality Loss (Hrs)]]-Table110[[#This Row],[Operating Time]])/3 -> 0 | AJ31: =IFERROR(IF(Table110[[#This Row],[SKU]]="",0,Table110[[#This Row],[Quality Loss (T)]]/(Table110[[#This Row],[SOC (TPD)]]/24)),"") -> 0 | AK31: =IFERROR(IF(Table110[[#This Row],[SKU]]="",0,Table110[[#This Row],[Volume Delivered (T)]]/(Table110[[#This Row],[SOC (TPD)]]/24)),"") -> 0 | AL31: =IFERROR(Table110[[#This Row],[Operating Time]]/Table110[[#This Row],[PRODUCTION HOURS]],"") | AP31: 0 | AQ31: 0 | AS31: =IFERROR(SUMIFS(#REF!,#REF!,'Shift Wise-Data Sheet'!A:A,#REF!,"Samridhi Perk Line")/SUMIFS(#REF!,#REF!,'Shift Wise-Data Sheet'!A:A,#REF!,"Samridhi Perk Line"),"") | AT31: 7 | AU31: 0 | AV31: =IFERROR(VLOOKUP(Table110[[#This Row],[Date]],'Overweight Data'!A29:G1124,6,FALSE),"") | AW31: =IFERROR( IF( OR(Table110[[#This Row],[Operating Time]]=0, (Table110[[#This Row],[Operating Time]]/IF(AD31<=1,AD31+1,AD31))*60=0), 1, ((Table110[[#This Row],[Operating Time]])/IF(AD31<=1,AD31+1,AD31))*60 ), "_") -> 1 | AX31: =COUNTIFS('Downtime Data'!A:A,Table110[[#This Row],[Date]]) -> 0 | AY31: =IFERROR((SUM(Table110[[#This Row],[Minor Stoppages]:[Material Shortages]])/Table110[[#This Row],['# Stops]])*60,"") | BA31: 46048
A32: 46049 | B32: =IF(A32="","",TEXT(A32,"dddddd")) -> Tuesday | D32: _10.3GM | E32: {=IFERROR(INDIRECT(D32),"")} -> 39.2 | F32: 15 | G32: 13.3 | H32: =IFERROR((Table110[[#This Row],[Plan]]/Table110[[#This Row],[Hours Used]])/(Table110[[#This Row],[SOC (TPD)]]/24),"") -> 0.38265306 | I32: =IFERROR((Table110[[#This Row],[Volume Delivered (T)]]/Table110[[#This Row],[Hours Used]])/(Table110[[#This Row],[SOC (TPD)]]/24),"") -> 0.33928571 | M32: 1.866 | N32: 0.035 | R32: 0 | S32: 0 | T32: =IF(Table110[[#This Row],[SKU]]="",0,24-Table110[[#This Row],[Legal Non-Operating Time]]-Table110[[#This Row],[No Demand Time]]-Table110[[#This Row],[Force Majeure]]) -> 24 | W32: 2 | X32: 1 | AA32: 4 | AB32: =Table110[[#This Row],[Hours Used]]-SUM(Table110[[#This Row],[Planned Maintenance]:[Start and Finish Production]]) -> 17 | AD32: 7.6 | AI32: =(Table110[[#This Row],[Hours Used]]-SUM(Table110[[#This Row],[Planned Maintenance]:[Start and Finish Production]])-SUM(Table110[[#This Row],[Minor Stoppages]:[Material Shortages]])-Table110[[#This Row],[Quality Loss (Hrs)]]-Table110[[#This Row],[Operating Time]])/3 -> 0.038231293 | AJ32: =IFERROR(IF(Table110[[#This Row],[SKU]]="",0,Table110[[#This Row],[Quality Loss (T)]]/(Table110[[#This Row],[SOC (TPD)]]/24)),"") -> 1.142449 | AK32: =IFERROR(IF(Table110[[#This Row],[SKU]]="",0,Table110[[#This Row],[Volume Delivered (T)]]/(Table110[[#This Row],[SOC (TPD)]]/24)),"") -> 8.1428571 | AL32: =IFERROR(Table110[[#This Row],[Operating Time]]/Table110[[#This Row],[PRODUCTION HOURS]],"") -> 0.4789916 | AM32: 111 | AN32: YES | AO32: YES | AP32: 0 | AQ32: 0 | AS32: =IFERROR(SUMIFS(#REF!,#REF!,'Shift Wise-Data Sheet'!A:A,#REF!,"Samridhi Perk Line")/SUMIFS(#REF!,#REF!,'Shift Wise-Data Sheet'!A:A,#REF!,"Samridhi Perk Line"),"") | AT32: 26 | AU32: 0 | AV32: =IFERROR(VLOOKUP(Table110[[#This Row],[Date]],'Overweight Data'!A30:G1125,6,FALSE),"") -> 0.048388502 | AW32: =IFERROR( IF( OR(Table110[[#This Row],[Operating Time]]=0, (Table110[[#This Row],[Operating Time]]/IF(AD32<=1,AD32+1,AD32))*60=0), 1, ((Table110[[#This Row],[Operating Time]])/IF(AD32<=1,AD32+1,AD32))*60 ), "_") -> 64.285714 | AX32: =COUNTIFS('Downtime Data'!A:A,Table110[[#This Row],[Date]]) -> 1 | AY32: =IFERROR((SUM(Table110[[#This Row],[Minor Stoppages]:[Material Shortages]])/Table110[[#This Row],['# Stops]])*60,"") -> 456 | BA32: 46048
A33: 46050 | B33: =IF(A33="","",TEXT(A33,"dddddd")) -> Wednesday | D33: _10.3GM | E33: {=IFERROR(INDIRECT(D33),"")} -> 39.2 | F33: 32 | G33: 29.51 | H33: =IFERROR((Table110[[#This Row],[Plan]]/Table110[[#This Row],[Hours Used]])/(Table110[[#This Row],[SOC (TPD)]]/24),"") -> 0.81632653 | I33: =IFERROR((Table110[[#This Row],[Volume Delivered (T)]]/Table110[[#This Row],[Hours Used]])/(Table110[[#This Row],[SOC (TPD)]]/24),"") -> 0.75280612 | M33: 1.94 | N33: 0.035 | R33: 0 | S33: 0 | T33: =IF(Table110[[#This Row],[SKU]]="",0,24-Table110[[#This Row],[Legal Non-Operating Time]]-Table110[[#This Row],[No Demand Time]]-Table110[[#This Row],[Force Majeure]]) -> 24 | U33: 2 | AB33: =Table110[[#This Row],[Hours Used]]-SUM(Table110[[#This Row],[Planned Maintenance]:[Start and Finish Production]]) -> 22 | AC33: 1 | AD33: 1.5 | AI33: =(Table110[[#This Row],[Hours Used]]-SUM(Table110[[#This Row],[Planned Maintenance]:[Start and Finish Production]])-SUM(Table110[[#This Row],[Minor Stoppages]:[Material Shortages]])-Table110[[#This Row],[Quality Loss (Hrs)]]-Table110[[#This Row],[Operating Time]])/3 -> 0.081632653 | AJ33: =IFERROR(IF(Table110[[#This Row],[SKU]]="",0,Table110[[#This Row],[Quality Loss (T)]]/(Table110[[#This Row],[SOC (TPD)]]/24)),"") -> 1.1877551 | AK33: =IFERROR(IF(Table110[[#This Row],[SKU]]="",0,Table110[[#This Row],[Volume Delivered (T)]]/(Table110[[#This Row],[SOC (TPD)]]/24)),"") -> 18.067347 | AL33: =IFERROR(Table110[[#This Row],[Operating Time]]/Table110[[#This Row],[PRODUCTION HOURS]],"") -> 0.82124304 | AM33: 137 | AN33: YES | AO33: YES | AP33: 18 | AQ33: 18 | AS33: =IFERROR(SUMIFS(#REF!,#REF!,'Shift Wise-Data Sheet'!A:A,#REF!,"Samridhi Perk Line")/SUMIFS(#REF!,#REF!,'Shift Wise-Data Sheet'!A:A,#REF!,"Samridhi Perk Line"),"") | AT33: 18 | AU33: 0 | AV33: =IFERROR(VLOOKUP(Table110[[#This Row],[Date]],'Overweight Data'!A31:G1126,6,FALSE),"") -> 0.031713124 | AW33: =IFERROR( IF( OR(Table110[[#This Row],[Operating Time]]=0, (Table110[[#This Row],[Operating Time]]/IF(AD33<=1,AD33+1,AD33))*60=0), 1, ((Table110[[#This Row],[Operating Time]])/IF(AD33<=1,AD33+1,AD33))*60 ), "_") -> 722.69388 | AX33: =COUNTIFS('Downtime Data'!A:A,Table110[[#This Row],[Date]]) -> 1 | AY33: =IFERROR((SUM(Table110[[#This Row],[Minor Stoppages]:[Material Shortages]])/Table110[[#This Row],['# Stops]])*60,"") -> 150 | BA33: 46048
A34: 46051 | B34: =IF(A34="","",TEXT(A34,"dddddd")) -> Thursday | D34: _10.3GM | E34: {=IFERROR(INDIRECT(D34),"")} -> 39.2 | F34: 32 | G34: 28.71 | H34: =IFERROR((Table110[[#This Row],[Plan]]/Table110[[#This Row],[Hours Used]])/(Table110[[#This Row],[SOC (TPD)]]/24),"") -> 0.81632653 | I34: =IFERROR((Table110[[#This Row],[Volume Delivered (T)]]/Table110[[#This Row],[Hours Used]])/(Table110[[#This Row],[SOC (TPD)]]/24),"") -> 0.73239796 | M34: 1.844 | N34: 0.034 | R34: 0 | S34: 0 | T34: =IF(Table110[[#This Row],[SKU]]="",0,24-Table110[[#This Row],[Legal Non-Operating Time]]-Table110[[#This Row],[No Demand Time]]-Table110[[#This Row],[Force Majeure]]) -> 24 | U34: 2 | X34: 1 | AB34: =Table110[[#This Row],[Hours Used]]-SUM(Table110[[#This Row],[Planned Maintenance]:[Start and Finish Production]]) -> 21 | AD34: 2 | AI34: =(Table110[[#This Row],[Hours Used]]-SUM(Table110[[#This Row],[Planned Maintenance]:[Start and Finish Production]])-SUM(Table110[[#This Row],[Minor Stoppages]:[Material Shortages]])-Table110[[#This Row],[Quality Loss (Hrs)]]-Table110[[#This Row],[Operating Time]])/3 -> 0.097823129 | AJ34: =IFERROR(IF(Table110[[#This Row],[SKU]]="",0,Table110[[#This Row],[Quality Loss (T)]]/(Table110[[#This Row],[SOC (TPD)]]/24)),"") -> 1.1289796 | AK34: =IFERROR(IF(Table110[[#This Row],[SKU]]="",0,Table110[[#This Row],[Volume Delivered (T)]]/(Table110[[#This Row],[SOC (TPD)]]/24)),"") -> 17.577551 | AL34: =IFERROR(Table110[[#This Row],[Operating Time]]/Table110[[#This Row],[PRODUCTION HOURS]],"") -> 0.83702624 | AM34: 153 | AN34: YES | AO34: YES | AP34: 0 | AQ34: 0 | AS34: =IFERROR(SUMIFS(#REF!,#REF!,'Shift Wise-Data Sheet'!A:A,#REF!,"Samridhi Perk Line")/SUMIFS(#REF!,#REF!,'Shift Wise-Data Sheet'!A:A,#REF!,"Samridhi Perk Line"),"") | AU34: 0 | AV34: =IFERROR(VLOOKUP(Table110[[#This Row],[Date]],'Overweight Data'!A32:G1127,6,FALSE),"") | AW34: =IFERROR( IF( OR(Table110[[#This Row],[Operating Time]]=0, (Table110[[#This Row],[Operating Time]]/IF(AD34<=1,AD34+1,AD34))*60=0), 1, ((Table110[[#This Row],[Operating Time]])/IF(AD34<=1,AD34+1,AD34))*60 ), "_") -> 527.32653 | AX34: =COUNTIFS('Downtime Data'!A:A,Table110[[#This Row],[Date]]) -> 4 | AY34: =IFERROR((SUM(Table110[[#This Row],[Minor Stoppages]:[Material Shortages]])/Table110[[#This Row],['# Stops]])*60,"") -> 30 | BA34: 46048
A35: 46052 | B35: =IF(A35="","",TEXT(A35,"dddddd")) -> Friday | D35: _10.3GM | E35: {=IFERROR(INDIRECT(D35),"")} -> 39.2 | F35: 32 | G35: 34.1 | H35: =IFERROR((Table110[[#This Row],[Plan]]/Table110[[#This Row],[Hours Used]])/(Table110[[#This Row],[SOC (TPD)]]/24),"") -> 0.81632653 | I35: =IFERROR((Table110[[#This Row],[Volume Delivered (T)]]/Table110[[#This Row],[Hours Used]])/(Table110[[#This Row],[SOC (TPD)]]/24),"") -> 0.86989796 | M35: 2.2 | N35: 0.034 | R35: 0 | S35: 0 | T35: =IF(Table110[[#This Row],[SKU]]="",0,24-Table110[[#This Row],[Legal Non-Operating Time]]-Table110[[#This Row],[No Demand Time]]-Table110[[#This Row],[Force Majeure]]) -> 24 | V35: 0.6 | AB35: =Table110[[#This Row],[Hours Used]]-SUM(Table110[[#This Row],[Planned Maintenance]:[Start and Finish Production]]) -> 23.4 | AD35: 1 | AI35: =(Table110[[#This Row],[Hours Used]]-SUM(Table110[[#This Row],[Planned Maintenance]:[Start and Finish Production]])-SUM(Table110[[#This Row],[Minor Stoppages]:[Material Shortages]])-Table110[[#This Row],[Quality Loss (Hrs)]]-Table110[[#This Row],[Operating Time]])/3 -> 0.058503401 | AJ35: =IFERROR(IF(Table110[[#This Row],[SKU]]="",0,Table110[[#This Row],[Quality Loss (T)]]/(Table110[[#This Row],[SOC (TPD)]]/24)),"") -> 1.3469388 | AK35: =IFERROR(IF(Table110[[#This Row],[SKU]]="",0,Table110[[#This Row],[Volume Delivered (T)]]/(Table110[[#This Row],[SOC (TPD)]]/24)),"") -> 20.877551 | AL35: =IFERROR(Table110[[#This Row],[Operating Time]]/Table110[[#This Row],[PRODUCTION HOURS]],"") -> 0.89220304 | AM35: 159 | AN35: YES | AO35: YES | AP35: 1 | AQ35: 0 | AS35: =IFERROR(SUMIFS(#REF!,#REF!,'Shift Wise-Data Sheet'!A:A,#REF!,"Samridhi Perk Line")/SUMIFS(#REF!,#REF!,'Shift Wise-Data Sheet'!A:A,#REF!,"Samridhi Perk Line"),"") | AU35: 0 | AV35: =IFERROR(VLOOKUP(Table110[[#This Row],[Date]],'Overweight Data'!A33:G1128,6,FALSE),"") -> 0.028130755 | AW35: =IFERROR( IF( OR(Table110[[#This Row],[Operating Time]]=0, (Table110[[#This Row],[Operating Time]]/IF(AD35<=1,AD35+1,AD35))*60=0), 1, ((Table110[[#This Row],[Operating Time]])/IF(AD35<=1,AD35+1,AD35))*60 ), "_") -> 626.32653 | AX35: =COUNTIFS('Downtime Data'!A:A,Table110[[#This Row],[Date]]) -> 2 | AY35: =IFERROR((SUM(Table110[[#This Row],[Minor Stoppages]:[Material Shortages]])/Table110[[#This Row],['# Stops]])*60,"") -> 30 | BA35: 46048
A36: 46053 | B36: =IF(A36="","",TEXT(A36,"dddddd")) -> Saturday | D36: _10.3GM | E36: {=IFERROR(INDIRECT(D36),"")} -> 39.2 | F36: 32 | G36: 29.3 | H36: =IFERROR((Table110[[#This Row],[Plan]]/Table110[[#This Row],[Hours Used]])/(Table110[[#This Row],[SOC (TPD)]]/24),"") -> 0.81632653 | I36: =IFERROR((Table110[[#This Row],[Volume Delivered (T)]]/Table110[[#This Row],[Hours Used]])/(Table110[[#This Row],[SOC (TPD)]]/24),"") -> 0.74744898 | M36: 1.7 | N36: 0.034 | R36: 0 | S36: 0 | T36: =IF(Table110[[#This Row],[SKU]]="",0,24-Table110[[#This Row],[Legal Non-Operating Time]]-Table110[[#This Row],[No Demand Time]]-Table110[[#This Row],[Force Majeure]]) -> 24 | AB36: =Table110[[#This Row],[Hours Used]]-SUM(Table110[[#This Row],[Planned Maintenance]:[Start and Finish Production]]) -> 24 | AD36: 4.8 | AI36: =(Table110[[#This Row],[Hours Used]]-SUM(Table110[[#This Row],[Planned Maintenance]:[Start and Finish Production]])-SUM(Table110[[#This Row],[Minor Stoppages]:[Material Shortages]])-Table110[[#This Row],[Quality Loss (Hrs)]]-Table110[[#This Row],[Operating Time]])/3 -> 0.073469388 | AJ36: =IFERROR(IF(Table110[[#This Row],[SKU]]="",0,Table110[[#This Row],[Quality Loss (T)]]/(Table110[[#This Row],[SOC (TPD)]]/24)),"") -> 1.0408163 | AK36: =IFERROR(IF(Table110[[#This Row],[SKU]]="",0,Table110[[#This Row],[Volume Delivered (T)]]/(Table110[[#This Row],[SOC (TPD)]]/24)),"") -> 17.938776 | AL36: =IFERROR(Table110[[#This Row],[Operating Time]]/Table110[[#This Row],[PRODUCTION HOURS]],"") -> 0.74744898 | AM36: 95 | AN36: YES | AO36: YES | AP36: 0 | AQ36: 0 | AS36: =IFERROR(SUMIFS(#REF!,#REF!,'Shift Wise-Data Sheet'!A:A,#REF!,"Samridhi Perk Line")/SUMIFS(#REF!,#REF!,'Shift Wise-Data Sheet'!A:A,#REF!,"Samridhi Perk Line"),"") | AU36: 0 | AV36: =IFERROR(VLOOKUP(Table110[[#This Row],[Date]],'Overweight Data'!A34:G1129,6,FALSE),"") | AW36: =IFERROR( IF( OR(Table110[[#This Row],[Operating Time]]=0, (Table110[[#This Row],[Operating Time]]/IF(AD36<=1,AD36+1,AD36))*60=0), 1, ((Table110[[#This Row],[Operating Time]])/IF(AD36<=1,AD36+1,AD36))*60 ), "_") -> 224.23469 | AX36: =COUNTIFS('Downtime Data'!A:A,Table110[[#This Row],[Date]]) -> 1 | AY36: =IFERROR((SUM(Table110[[#This Row],[Minor Stoppages]:[Material Shortages]])/Table110[[#This Row],['# Stops]])*60,"") -> 288 | BA36: 46048
A37: 46054 | B37: =IF(A37="","",TEXT(A37,"dddddd")) -> Sunday | D37: _10.3GM_HT | E37: {=IFERROR(INDIRECT(D37),"")} -> 34.2 | F37: 27.8 | G37: 29.3 | H37: =IFERROR((Table110[[#This Row],[Plan]]/Table110[[#This Row],[Hours Used]])/(Table110[[#This Row],[SOC (TPD)]]/24),"") -> 0.8128655 | I37: =IFERROR((Table110[[#This Row],[Volume Delivered (T)]]/Table110[[#This Row],[Hours Used]])/(Table110[[#This Row],[SOC (TPD)]]/24),"") -> 0.85672515 | M37: 1.603 | N37: 0.033 | R37: 0 | S37: 0 | T37: =IF(Table110[[#This Row],[SKU]]="",0,24-Table110[[#This Row],[Legal Non-Operating Time]]-Table110[[#This Row],[No Demand Time]]-Table110[[#This Row],[Force Majeure]]) -> 24 | X37: 2 | AB37: =Table110[[#This Row],[Hours Used]]-SUM(Table110[[#This Row],[Planned Maintenance]:[Start and Finish Production]]) -> 22 | AI37: =(Table110[[#This Row],[Hours Used]]-SUM(Table110[[#This Row],[Planned Maintenance]:[Start and Finish Production]])-SUM(Table110[[#This Row],[Minor Stoppages]:[Material Shortages]])-Table110[[#This Row],[Quality Loss (Hrs)]]-Table110[[#This Row],[Operating Time]])/3 -> 0.1045614 | AJ37: =IFERROR(IF(Table110[[#This Row],[SKU]]="",0,Table110[[#This Row],[Quality Loss (T)]]/(Table110[[#This Row],[SOC (TPD)]]/24)),"") -> 1.1249123 | AK37: =IFERROR(IF(Table110[[#This Row],[SKU]]="",0,Table110[[#This Row],[Volume Delivered (T)]]/(Table110[[#This Row],[SOC (TPD)]]/24)),"") -> 20.561404 | AL37: =IFERROR(Table110[[#This Row],[Operating Time]]/Table110[[#This Row],[PRODUCTION HOURS]],"") -> 0.93460925 | AM37: 92 | AN37: YES | AO37: YES | AP37: 0 | AQ37: 0 | AS37: =IFERROR(SUMIFS(#REF!,#REF!,'Shift Wise-Data Sheet'!A:A,#REF!,"Samridhi Perk Line")/SUMIFS(#REF!,#REF!,'Shift Wise-Data Sheet'!A:A,#REF!,"Samridhi Perk Line"),"") | AT37: 13 | AU37: 0 | AV37: =IFERROR(VLOOKUP(Table110[[#This Row],[Date]],'Overweight Data'!A35:G1130,6,FALSE),"") | AW37: =IFERROR( IF( OR(Table110[[#This Row],[Operating Time]]=0, (Table110[[#This Row],[Operating Time]]/IF(AD37<=1,AD37+1,AD37))*60=0), 1, ((Table110[[#This Row],[Operating Time]])/IF(AD37<=1,AD37+1,AD37))*60 ), "_") -> 1233.6842 | AX37: =COUNTIFS('Downtime Data'!A:A,Table110[[#This Row],[Date]]) -> 0 | AY37: =IFERROR((SUM(Table110[[#This Row],[Minor Stoppages]:[Material Shortages]])/Table110[[#This Row],['# Stops]])*60,"") | BA37: 46048
A38: 46055 | B38: =IF(A38="","",TEXT(A38,"dddddd")) -> Monday | D38: _10.3GM_HT | E38: {=IFERROR(INDIRECT(D38),"")} -> 34.2 | F38: 15 | G38: 20.892528 | H38: =IFERROR((Table110[[#This Row],[Plan]]/Table110[[#This Row],[Hours Used]])/(Table110[[#This Row],[SOC (TPD)]]/24),"") -> 0.43859649 | I38: =IFERROR((Table110[[#This Row],[Volume Delivered (T)]]/Table110[[#This Row],[Hours Used]])/(Table110[[#This Row],[SOC (TPD)]]/24),"") -> 0.61089263 | M38: 1.251 | N38: 0.036 | R38: 9 | S38: 5 | T38: =IF(Table110[[#This Row],[SKU]]="",0,24-Table110[[#This Row],[Legal Non-Operating Time]]-Table110[[#This Row],[No Demand Time]]-Table110[[#This Row],[Force Majeure]]) -> 24 | W38: 8.5 | AB38: =Table110[[#This Row],[Hours Used]]-SUM(Table110[[#This Row],[Planned Maintenance]:[Start and Finish Production]]) -> 15.5 | AI38: =(Table110[[#This Row],[Hours Used]]-SUM(Table110[[#This Row],[Planned Maintenance]:[Start and Finish Production]])-SUM(Table110[[#This Row],[Minor Stoppages]:[Material Shortages]])-Table110[[#This Row],[Quality Loss (Hrs)]]-Table110[[#This Row],[Operating Time]])/3 -> -0.013105965 | AJ38: =IFERROR(IF(Table110[[#This Row],[SKU]]="",0,Table110[[#This Row],[Quality Loss (T)]]/(Table110[[#This Row],[SOC (TPD)]]/24)),"") -> 0.87789474 | AK38: =IFERROR(IF(Table110[[#This Row],[SKU]]="",0,Table110[[#This Row],[Volume Delivered (T)]]/(Table110[[#This Row],[SOC (TPD)]]/24)),"") -> 14.661423 | AL38: =IFERROR(Table110[[#This Row],[Operating Time]]/Table110[[#This Row],[PRODUCTION HOURS]],"") -> 0.94589827 | AM38: 91 | AN38: YES | AP38: 6 | AQ38: 5 | AS38: =IFERROR(SUMIFS(#REF!,#REF!,'Shift Wise-Data Sheet'!A:A,#REF!,"Samridhi Perk Line")/SUMIFS(#REF!,#REF!,'Shift Wise-Data Sheet'!A:A,#REF!,"Samridhi Perk Line"),"") | AT38: 18 | AU38: 0 | AV38: =IFERROR(VLOOKUP(Table110[[#This Row],[Date]],'Overweight Data'!A36:G1131,6,FALSE),"") -> 0.029226519 | AW38: =IFERROR( IF( OR(Table110[[#This Row],[Operating Time]]=0, (Table110[[#This Row],[Operating Time]]/IF(AD38<=1,AD38+1,AD38))*60=0), 1, ((Table110[[#This Row],[Operating Time]])/IF(AD38<=1,AD38+1,AD38))*60 ), "_") -> 879.68539 | AX38: =COUNTIFS('Downtime Data'!A:A,Table110[[#This Row],[Date]]) -> 1 | AY38: =IFERROR((SUM(Table110[[#This Row],[Minor Stoppages]:[Material Shortages]])/Table110[[#This Row],['# Stops]])*60,"") -> 0 | BA38: 46079
A39: 46056 | B39: =IF(A39="","",TEXT(A39,"dddddd")) -> Tuesday | D39: _10.3GM_HT | E39: {=IFERROR(INDIRECT(D39),"")} -> 34.2 | F39: 28 | G39: 26.46912 | H39: =IFERROR((Table110[[#This Row],[Plan]]/Table110[[#This Row],[Hours Used]])/(Table110[[#This Row],[SOC (TPD)]]/24),"") -> 0.81871345 | I39: =IFERROR((Table110[[#This Row],[Volume Delivered (T)]]/Table110[[#This Row],[Hours Used]])/(Table110[[#This Row],[SOC (TPD)]]/24),"") -> 0.77395088 | M39: 2.185 | N39: 0.036 | R39: 4 | S39: 5 | T39: =IF(Table110[[#This Row],[SKU]]="",0,24-Table110[[#This Row],[Legal Non-Operating Time]]-Table110[[#This Row],[No Demand Time]]-Table110[[#This Row],[Force Majeure]]) -> 24 | V39: 0.5 | AB39: =Table110[[#This Row],[Hours Used]]-SUM(Table110[[#This Row],[Planned Maintenance]:[Start and Finish Production]]) -> 23.5 | AD39: 1 | AE39: 1 | AI39: =(Table110[[#This Row],[Hours Used]]-SUM(Table110[[#This Row],[Planned Maintenance]:[Start and Finish Production]])-SUM(Table110[[#This Row],[Minor Stoppages]:[Material Shortages]])-Table110[[#This Row],[Quality Loss (Hrs)]]-Table110[[#This Row],[Operating Time]])/3 -> 0.46394854 | AJ39: =IFERROR(IF(Table110[[#This Row],[SKU]]="",0,Table110[[#This Row],[Quality Loss (T)]]/(Table110[[#This Row],[SOC (TPD)]]/24)),"") -> 1.5333333 | AK39: =IFERROR(IF(Table110[[#This Row],[SKU]]="",0,Table110[[#This Row],[Volume Delivered (T)]]/(Table110[[#This Row],[SOC (TPD)]]/24)),"") -> 18.574821 | AL39: =IFERROR(Table110[[#This Row],[Operating Time]]/Table110[[#This Row],[PRODUCTION HOURS]],"") -> 0.79041792 | AM39: 88 | AN39: YES | AO39: YES | AP39: 4 | AQ39: 0 | AR39: 5 | AS39: =IFERROR(SUMIFS(#REF!,#REF!,'Shift Wise-Data Sheet'!A:A,#REF!,"Samridhi Perk Line")/SUMIFS(#REF!,#REF!,'Shift Wise-Data Sheet'!A:A,#REF!,"Samridhi Perk Line"),"") | AT39: 1 | AU39: 0 | AV39: =IFERROR(VLOOKUP(Table110[[#This Row],[Date]],'Overweight Data'!A37:G1132,6,FALSE),"") -> 0.030322284 | AW39: =IFERROR( IF( OR(Table110[[#This Row],[Operating Time]]=0, (Table110[[#This Row],[Operating Time]]/IF(AD39<=1,AD39+1,AD39))*60=0), 1, ((Table110[[#This Row],[Operating Time]])/IF(AD39<=1,AD39+1,AD39))*60 ), "_") -> 557.24463 | AX39: =COUNTIFS('Downtime Data'!A:A,Table110[[#This Row],[Date]]) -> 1 | AY39: =IFERROR((SUM(Table110[[#This Row],[Minor Stoppages]:[Material Shortages]])/Table110[[#This Row],['# Stops]])*60,"") -> 120 | BA39: 46079
A40: 46057 | B40: =IF(A40="","",TEXT(A40,"dddddd")) -> Wednesday | D40: _10.3GM_HT | E40: {=IFERROR(INDIRECT(D40),"")} -> 34.2 | F40: 28 | G40: 26.854152 | H40: =IFERROR((Table110[[#This Row],[Plan]]/Table110[[#This Row],[Hours Used]])/(Table110[[#This Row],[SOC (TPD)]]/24),"") -> 0.81871345 | I40: =IFERROR((Table110[[#This Row],[Volume Delivered (T)]]/Table110[[#This Row],[Hours Used]])/(Table110[[#This Row],[SOC (TPD)]]/24),"") -> 0.78520912 | M40: 1.68 | N40: 0.035 | R40: 0 | S40: 0 | T40: =IF(Table110[[#This Row],[SKU]]="",0,24-Table110[[#This Row],[Legal Non-Operating Time]]-Table110[[#This Row],[No Demand Time]]-Table110[[#This Row],[Force Majeure]]) -> 24 | U40: 1 | V40: 0.5 | AB40: =Table110[[#This Row],[Hours Used]]-SUM(Table110[[#This Row],[Planned Maintenance]:[Start and Finish Production]]) -> 22.5 | AD40: 0.8 | AE40: 1.6 | AI40: =(Table110[[#This Row],[Hours Used]]-SUM(Table110[[#This Row],[Planned Maintenance]:[Start and Finish Production]])-SUM(Table110[[#This Row],[Minor Stoppages]:[Material Shortages]])-Table110[[#This Row],[Quality Loss (Hrs)]]-Table110[[#This Row],[Operating Time]])/3 -> 0.025344561 | AJ40: =IFERROR(IF(Table110[[#This Row],[SKU]]="",0,Table110[[#This Row],[Quality Loss (T)]]/(Table110[[#This Row],[SOC (TPD)]]/24)),"") -> 1.1789474 | AK40: =IFERROR(IF(Table110[[#This Row],[SKU]]="",0,Table110[[#This Row],[Volume Delivered (T)]]/(Table110[[#This Row],[SOC (TPD)]]/24)),"") -> 18.845019 | AL40: =IFERROR(Table110[[#This Row],[Operating Time]]/Table110[[#This Row],[PRODUCTION HOURS]],"") -> 0.8375564 | AM40: 89 | AN40: YES | AO40: NO | AP40: 0 | AQ40: 0 | AS40: =IFERROR(SUMIFS(#REF!,#REF!,'Shift Wise-Data Sheet'!A:A,#REF!,"Samridhi Perk Line")/SUMIFS(#REF!,#REF!,'Shift Wise-Data Sheet'!A:A,#REF!,"Samridhi Perk Line"),"") | AT40: 6 | AU40: 0 | AV40: =IFERROR(VLOOKUP(Table110[[#This Row],[Date]],'Overweight Data'!A38:G1133,6,FALSE),"") -> 0.034263352 | AW40: =IFERROR( IF( OR(Table110[[#This Row],[Operating Time]]=0, (Table110[[#This Row],[Operating Time]]/IF(AD40<=1,AD40+1,AD40))*60=0), 1, ((Table110[[#This Row],[Operating Time]])/IF(AD40<=1,AD40+1,AD40))*60 ), "_") -> 628.1673 | AX40: =COUNTIFS('Downtime Data'!A:A,Table110[[#This Row],[Date]]) -> 2 | AY40: =IFERROR((SUM(Table110[[#This Row],[Minor Stoppages]:[Material Shortages]])/Table110[[#This Row],['# Stops]])*60,"") -> 72 | BA40: 46079
A41: 46058 | B41: =IF(A41="","",TEXT(A41,"dddddd")) -> Thursday | D41: _10.3GM_HT | E41: {=IFERROR(INDIRECT(D41),"")} -> 34.2 | F41: 28 | G41: 24.434616 | H41: =IFERROR((Table110[[#This Row],[Plan]]/Table110[[#This Row],[Hours Used]])/(Table110[[#This Row],[SOC (TPD)]]/24),"") -> 0.81871345 | I41: =IFERROR((Table110[[#This Row],[Volume Delivered (T)]]/Table110[[#This Row],[Hours Used]])/(Table110[[#This Row],[SOC (TPD)]]/24),"") -> 0.71446246 | M41: 1.648 | N41: 0.036 | R41: 1 | S41: 1 | T41: =IF(Table110[[#This Row],[SKU]]="",0,24-Table110[[#This Row],[Legal Non-Operating Time]]-Table110[[#This Row],[No Demand Time]]-Table110[[#This Row],[Force Majeure]]) -> 24 | V41: 0.5 | AB41: =Table110[[#This Row],[Hours Used]]-SUM(Table110[[#This Row],[Planned Maintenance]:[Start and Finish Production]]) -> 23.5 | AD41: 4 | AG41: 1 | AI41: =(Table110[[#This Row],[Hours Used]]-SUM(Table110[[#This Row],[Planned Maintenance]:[Start and Finish Production]])-SUM(Table110[[#This Row],[Minor Stoppages]:[Material Shortages]])-Table110[[#This Row],[Quality Loss (Hrs)]]-Table110[[#This Row],[Operating Time]])/3 -> 0.065469942 | AJ41: =IFERROR(IF(Table110[[#This Row],[SKU]]="",0,Table110[[#This Row],[Quality Loss (T)]]/(Table110[[#This Row],[SOC (TPD)]]/24)),"") -> 1.1564912 | AK41: =IFERROR(IF(Table110[[#This Row],[SKU]]="",0,Table110[[#This Row],[Volume Delivered (T)]]/(Table110[[#This Row],[SOC (TPD)]]/24)),"") -> 17.147099 | AL41: =IFERROR(Table110[[#This Row],[Operating Time]]/Table110[[#This Row],[PRODUCTION HOURS]],"") -> 0.72966378 | AM41: 90 | AN41: YES | AO41: YES | AP41: 0 | AQ41: 0 | AR41: 1 | AS41: =IFERROR(SUMIFS(#REF!,#REF!,'Shift Wise-Data Sheet'!A:A,#REF!,"Samridhi Perk Line")/SUMIFS(#REF!,#REF!,'Shift Wise-Data Sheet'!A:A,#REF!,"Samridhi Perk Line"),"") | AT41: 11 | AU41: 0 | AV41: =IFERROR(VLOOKUP(Table110[[#This Row],[Date]],'Overweight Data'!A39:G1134,6,FALSE),"") -> 0.033342541 | AW41: =IFERROR( IF( OR(Table110[[#This Row],[Operating Time]]=0, (Table110[[#This Row],[Operating Time]]/IF(AD41<=1,AD41+1,AD41))*60=0), 1, ((Table110[[#This Row],[Operating Time]])/IF(AD41<=1,AD41+1,AD41))*60 ), "_") -> 257.20648 | AX41: =COUNTIFS('Downtime Data'!A:A,Table110[[#This Row],[Date]]) -> 2 | AY41: =IFERROR((SUM(Table110[[#This Row],[Minor Stoppages]:[Material Shortages]])/Table110[[#This Row],['# Stops]])*60,"") -> 150 | BA41: 46079
A42: 46059 | B42: =IF(A42="","",TEXT(A42,"dddddd")) -> Friday | D42: _10.3GM_HT | E42: {=IFERROR(INDIRECT(D42),"")} -> 34.2 | F42: 28 | G42: 25.569528 | H42: =IFERROR((Table110[[#This Row],[Plan]]/Table110[[#This Row],[Hours Used]])/(Table110[[#This Row],[SOC (TPD)]]/24),"") -> 0.81871345 | I42: =IFERROR((Table110[[#This Row],[Volume Delivered (T)]]/Table110[[#This Row],[Hours Used]])/(Table110[[#This Row],[SOC (TPD)]]/24),"") -> 0.74764702 | M42: 1.849 | N42: 0.045 | R42: 0 | S42: 0 | T42: =IF(Table110[[#This Row],[SKU]]="",0,24-Table110[[#This Row],[Legal Non-Operating Time]]-Table110[[#This Row],[No Demand Time]]-Table110[[#This Row],[Force Majeure]]) -> 24 | V42: 1 | AB42: =Table110[[#This Row],[Hours Used]]-SUM(Table110[[#This Row],[Planned Maintenance]:[Start and Finish Production]]) -> 23 | AE42: 1 | AG42: 2.5 | AI42: =(Table110[[#This Row],[Hours Used]]-SUM(Table110[[#This Row],[Planned Maintenance]:[Start and Finish Production]])-SUM(Table110[[#This Row],[Minor Stoppages]:[Material Shortages]])-Table110[[#This Row],[Quality Loss (Hrs)]]-Table110[[#This Row],[Operating Time]])/3 -> 0.08630924 | AJ42: =IFERROR(IF(Table110[[#This Row],[SKU]]="",0,Table110[[#This Row],[Quality Loss (T)]]/(Table110[[#This Row],[SOC (TPD)]]/24)),"") -> 1.2975439 | AK42: =IFERROR(IF(Table110[[#This Row],[SKU]]="",0,Table110[[#This Row],[Volume Delivered (T)]]/(Table110[[#This Row],[SOC (TPD)]]/24)),"") -> 17.943528 | AL42: =IFERROR(Table110[[#This Row],[Operating Time]]/Table110[[#This Row],[PRODUCTION HOURS]],"") -> 0.78015341 | AM42: 88 | AN42: YES | AP42: 18 | AQ42: 19 | AS42: =IFERROR(SUMIFS(#REF!,#REF!,'Shift Wise-Data Sheet'!A:A,#REF!,"Samridhi Perk Line")/SUMIFS(#REF!,#REF!,'Shift Wise-Data Sheet'!A:A,#REF!,"Samridhi Perk Line"),"") | AT42: 33 | AU42: 0 | AV42: =IFERROR(VLOOKUP(Table110[[#This Row],[Date]],'Overweight Data'!A40:G1135,6,FALSE),"") -> 0.044401473 | AW42: =IFERROR( IF( OR(Table110[[#This Row],[Operating Time]]=0, (Table110[[#This Row],[Operating Time]]/IF(AD42<=1,AD42+1,AD42))*60=0), 1, ((Table110[[#This Row],[Operating Time]])/IF(AD42<=1,AD42+1,AD42))*60 ), "_") -> 1076.6117 | AX42: =COUNTIFS('Downtime Data'!A:A,Table110[[#This Row],[Date]]) -> 1 | AY42: =IFERROR((SUM(Table110[[#This Row],[Minor Stoppages]:[Material Shortages]])/Table110[[#This Row],['# Stops]])*60,"") -> 210 | BA42: 46079
A43: 46060 | B43: =IF(A43="","",TEXT(A43,"dddddd")) -> Saturday | D43: _10.3GM_HT | E43: {=IFERROR(INDIRECT(D43),"")} -> 34.2 | F43: 28 | G43: 24.286992 | H43: =IFERROR((Table110[[#This Row],[Plan]]/Table110[[#This Row],[Hours Used]])/(Table110[[#This Row],[SOC (TPD)]]/24),"") -> 0.81871345 | I43: =IFERROR((Table110[[#This Row],[Volume Delivered (T)]]/Table110[[#This Row],[Hours Used]])/(Table110[[#This Row],[SOC (TPD)]]/24),"") -> 0.71014596 | M43: 1.823 | N43: 0.045 | R43: 7 | S43: 0 | T43: =IF(Table110[[#This Row],[SKU]]="",0,24-Table110[[#This Row],[Legal Non-Operating Time]]-Table110[[#This Row],[No Demand Time]]-Table110[[#This Row],[Force Majeure]]) -> 24 | V43: 1 | AB43: =Table110[[#This Row],[Hours Used]]-SUM(Table110[[#This Row],[Planned Maintenance]:[Start and Finish Production]]) -> 23 | AD43: 4.5 | AI43: =(Table110[[#This Row],[Hours Used]]-SUM(Table110[[#This Row],[Planned Maintenance]:[Start and Finish Production]])-SUM(Table110[[#This Row],[Minor Stoppages]:[Material Shortages]])-Table110[[#This Row],[Quality Loss (Hrs)]]-Table110[[#This Row],[Operating Time]])/3 -> 0.059066199 | AJ43: =IFERROR(IF(Table110[[#This Row],[SKU]]="",0,Table110[[#This Row],[Quality Loss (T)]]/(Table110[[#This Row],[SOC (TPD)]]/24)),"") -> 1.2792982 | AK43: =IFERROR(IF(Table110[[#This Row],[SKU]]="",0,Table110[[#This Row],[Volume Delivered (T)]]/(Table110[[#This Row],[SOC (TPD)]]/24)),"") -> 17.043503 | AL43: =IFERROR(Table110[[#This Row],[Operating Time]]/Table110[[#This Row],[PRODUCTION HOURS]],"") -> 0.74102188 | AM43: 90 | AN43: YES | AP43: 7 | AQ43: 5 | AS43: =IFERROR(SUMIFS(#REF!,#REF!,'Shift Wise-Data Sheet'!A:A,#REF!,"Samridhi Perk Line")/SUMIFS(#REF!,#REF!,'Shift Wise-Data Sheet'!A:A,#REF!,"Samridhi Perk Line"),"") | AT43: 12 | AU43: 0 | AV43: =IFERROR(VLOOKUP(Table110[[#This Row],[Date]],'Overweight Data'!A41:G1136,6,FALSE),"") -> 0.045027624 | AW43: =IFERROR( IF( OR(Table110[[#This Row],[Operating Time]]=0, (Table110[[#This Row],[Operating Time]]/IF(AD43<=1,AD43+1,AD43))*60=0), 1, ((Table110[[#This Row],[Operating Time]])/IF(AD43<=1,AD43+1,AD43))*60 ), "_") -> 227.24671 | AX43: =COUNTIFS('Downtime Data'!A:A,Table110[[#This Row],[Date]]) -> 1 | AY43: =IFERROR((SUM(Table110[[#This Row],[Minor Stoppages]:[Material Shortages]])/Table110[[#This Row],['# Stops]])*60,"") -> 270 | BA43: 46079
A44: 46061 | B44: =IF(A44="","",TEXT(A44,"dddddd")) -> Sunday | D44: _10.3GM_HT | E44: {=IFERROR(INDIRECT(D44),"")} -> 34.2 | F44: 28 | G44: 27.0787 | H44: =IFERROR((Table110[[#This Row],[Plan]]/Table110[[#This Row],[Hours Used]])/(Table110[[#This Row],[SOC (TPD)]]/24),"") -> 0.81871345 | I44: =IFERROR((Table110[[#This Row],[Volume Delivered (T)]]/Table110[[#This Row],[Hours Used]])/(Table110[[#This Row],[SOC (TPD)]]/24),"") -> 0.79177485 | M44: 1.885 | N44: 0.045 | R44: 0 | S44: 0 | T44: =IF(Table110[[#This Row],[SKU]]="",0,24-Table110[[#This Row],[Legal Non-Operating Time]]-Table110[[#This Row],[No Demand Time]]-Table110[[#This Row],[Force Majeure]]) -> 24 | V44: 0.5 | X44: 2 | AB44: =Table110[[#This Row],[Hours Used]]-SUM(Table110[[#This Row],[Planned Maintenance]:[Start and Finish Production]]) -> 21.5 | AC44: 0.72070132 | AI44: =(Table110[[#This Row],[Hours Used]]-SUM(Table110[[#This Row],[Planned Maintenance]:[Start and Finish Production]])-SUM(Table110[[#This Row],[Minor Stoppages]:[Material Shortages]])-Table110[[#This Row],[Quality Loss (Hrs)]]-Table110[[#This Row],[Operating Time]])/3 -> 0.15129839 | AJ44: =IFERROR(IF(Table110[[#This Row],[SKU]]="",0,Table110[[#This Row],[Quality Loss (T)]]/(Table110[[#This Row],[SOC (TPD)]]/24)),"") -> 1.322807 | AK44: =IFERROR(IF(Table110[[#This Row],[SKU]]="",0,Table110[[#This Row],[Volume Delivered (T)]]/(Table110[[#This Row],[SOC (TPD)]]/24)),"") -> 19.002596 | AL44: =IFERROR(Table110[[#This Row],[Operating Time]]/Table110[[#This Row],[PRODUCTION HOURS]],"") -> 0.8838417 | AM44: 94 | AN44: YES | AP44: 0 | AQ44: 0 | AS44: =IFERROR(SUMIFS(#REF!,#REF!,'Shift Wise-Data Sheet'!A:A,#REF!,"Samridhi Perk Line")/SUMIFS(#REF!,#REF!,'Shift Wise-Data Sheet'!A:A,#REF!,"Samridhi Perk Line"),"") | AT44: 10 | AU44: 0 | AV44: =IFERROR(VLOOKUP(Table110[[#This Row],[Date]],'Overweight Data'!A42:G1137,6,FALSE),"") -> 0.039049031 | AW44: =IFERROR( IF( OR(Table110[[#This Row],[Operating Time]]=0, (Table110[[#This Row],[Operating Time]]/IF(AD44<=1,AD44+1,AD44))*60=0), 1, ((Table110[[#This Row],[Operating Time]])/IF(AD44<=1,AD44+1,AD44))*60 ), "_") -> 1140.1558 | AX44: =COUNTIFS('Downtime Data'!A:A,Table110[[#This Row],[Date]]) -> 1 | AY44: =IFERROR((SUM(Table110[[#This Row],[Minor Stoppages]:[Material Shortages]])/Table110[[#This Row],['# Stops]])*60,"") -> 43.242079 | BA44: 46079
A45: 46062 | B45: =IF(A45="","",TEXT(A45,"dddddd")) -> Monday | D45: _10.3GM_HT | E45: {=IFERROR(INDIRECT(D45),"")} -> 34.2 | F45: 28 | G45: 26.074652 | H45: =IFERROR((Table110[[#This Row],[Plan]]/Table110[[#This Row],[Hours Used]])/(Table110[[#This Row],[SOC (TPD)]]/24),"") -> 0.81871345 | I45: =IFERROR((Table110[[#This Row],[Volume Delivered (T)]]/Table110[[#This Row],[Hours Used]])/(Table110[[#This Row],[SOC (TPD)]]/24),"") -> 0.76241673 | M45: 1.307 | N45: 0.045 | R45: 0 | S45: 0 | T45: =IF(Table110[[#This Row],[SKU]]="",0,24-Table110[[#This Row],[Legal Non-Operating Time]]-Table110[[#This Row],[No Demand Time]]-Table110[[#This Row],[Force Majeure]]) -> 24 | V45: 0.8 | AB45: =Table110[[#This Row],[Hours Used]]-SUM(Table110[[#This Row],[Planned Maintenance]:[Start and Finish Production]]) -> 23.2 | AC45: 0.45703465 | AE45: 1 | AG45: 2.5 | AI45: =(Table110[[#This Row],[Hours Used]]-SUM(Table110[[#This Row],[Planned Maintenance]:[Start and Finish Production]])-SUM(Table110[[#This Row],[Minor Stoppages]:[Material Shortages]])-Table110[[#This Row],[Quality Loss (Hrs)]]-Table110[[#This Row],[Operating Time]])/3 -> 0.0092569871 | AJ45: =IFERROR(IF(Table110[[#This Row],[SKU]]="",0,Table110[[#This Row],[Quality Loss (T)]]/(Table110[[#This Row],[SOC (TPD)]]/24)),"") -> 0.91719298 | AK45: =IFERROR(IF(Table110[[#This Row],[SKU]]="",0,Table110[[#This Row],[Volume Delivered (T)]]/(Table110[[#This Row],[SOC (TPD)]]/24)),"") -> 18.298001 | AL45: =IFERROR(Table110[[#This Row],[Operating Time]]/Table110[[#This Row],[PRODUCTION HOURS]],"") -> 0.78870696 | AM45: 83 | AN45: YES | AO45: YES | AP45: 0 | AQ45: 0 | AS45: =IFERROR(SUMIFS(#REF!,#REF!,'Shift Wise-Data Sheet'!A:A,#REF!,"Samridhi Perk Line")/SUMIFS(#REF!,#REF!,'Shift Wise-Data Sheet'!A:A,#REF!,"Samridhi Perk Line"),"") | AT45: 17 | AU45: 0 | AV45: =IFERROR(VLOOKUP(Table110[[#This Row],[Date]],'Overweight Data'!A43:G1138,6,FALSE),"") -> 0.033344948 | AW45: =IFERROR( IF( OR(Table110[[#This Row],[Operating Time]]=0, (Table110[[#This Row],[Operating Time]]/IF(AD45<=1,AD45+1,AD45))*60=0), 1, ((Table110[[#This Row],[Operating Time]])/IF(AD45<=1,AD45+1,AD45))*60 ), "_") -> 1097.8801 | AX45: =COUNTIFS('Downtime Data'!A:A,Table110[[#This Row],[Date]]) -> 1 | AY45: =IFERROR((SUM(Table110[[#This Row],[Minor Stoppages]:[Material Shortages]])/Table110[[#This Row],['# Stops]])*60,"") -> 237.42208 | BA45: 46079
A46: 46063 | B46: =IF(A46="","",TEXT(A46,"dddddd")) -> Tuesday | D46: _10.3GM_HT | E46: {=IFERROR(INDIRECT(D46),"")} -> 34.2 | F46: 28 | G46: 23.8 | H46: =IFERROR((Table110[[#This Row],[Plan]]/Table110[[#This Row],[Hours Used]])/(Table110[[#This Row],[SOC (TPD)]]/24),"") -> 0.81871345 | I46: =IFERROR((Table110[[#This Row],[Volume Delivered (T)]]/Table110[[#This Row],[Hours Used]])/(Table110[[#This Row],[SOC (TPD)]]/24),"") -> 0.69590643 | M46: 1.419 | N46: 0.046 | R46: 0 | S46: 0 | T46: =IF(Table110[[#This Row],[SKU]]="",0,24-Table110[[#This Row],[Legal Non-Operating Time]]-Table110[[#This Row],[No Demand Time]]-Table110[[#This Row],[Force Majeure]]) -> 24 | V46: 0.9 | AB46: =Table110[[#This Row],[Hours Used]]-SUM(Table110[[#This Row],[Planned Maintenance]:[Start and Finish Production]]) -> 23.1 | AC46: 0.1 | AF46: 3.1 | AG46: 2.2 | AI46: =(Table110[[#This Row],[Hours Used]]-SUM(Table110[[#This Row],[Planned Maintenance]:[Start and Finish Production]])-SUM(Table110[[#This Row],[Minor Stoppages]:[Material Shortages]])-Table110[[#This Row],[Quality Loss (Hrs)]]-Table110[[#This Row],[Operating Time]])/3 -> 0.00081871345 | AJ46: =IFERROR(IF(Table110[[#This Row],[SKU]]="",0,Table110[[#This Row],[Quality Loss (T)]]/(Table110[[#This Row],[SOC (TPD)]]/24)),"") -> 0.99578947 | AK46: =IFERROR(IF(Table110[[#This Row],[SKU]]="",0,Table110[[#This Row],[Volume Delivered (T)]]/(Table110[[#This Row],[SOC (TPD)]]/24)),"") -> 16.701754 | AL46: =IFERROR(Table110[[#This Row],[Operating Time]]/Table110[[#This Row],[PRODUCTION HOURS]],"") -> 0.72301967 | AM46: 64 | AN46: YES | AO46: NO | AP46: 0 | AQ46: 0 | AS46: =IFERROR(SUMIFS(#REF!,#REF!,'Shift Wise-Data Sheet'!A:A,#REF!,"Samridhi Perk Line")/SUMIFS(#REF!,#REF!,'Shift Wise-Data Sheet'!A:A,#REF!,"Samridhi Perk Line"),"") | AT46: 28 | AU46: 0 | AV46: =IFERROR(VLOOKUP(Table110[[#This Row],[Date]],'Overweight Data'!A44:G1139,6,FALSE),"") -> 0.024628339 | AW46: =IFERROR( IF( OR(Table110[[#This Row],[Operating Time]]=0, (Table110[[#This Row],[Operating Time]]/IF(AD46<=1,AD46+1,AD46))*60=0), 1, ((Table110[[#This Row],[Operating Time]])/IF(AD46<=1,AD46+1,AD46))*60 ), "_") -> 1002.1053 | AX46: =COUNTIFS('Downtime Data'!A:A,Table110[[#This Row],[Date]]) -> 1 | AY46: =IFERROR((SUM(Table110[[#This Row],[Minor Stoppages]:[Material Shortages]])/Table110[[#This Row],['# Stops]])*60,"") -> 324 | BA46: 46079
A47: 46064 | B47: =IF(A47="","",TEXT(A47,"dddddd")) -> Wednesday | D47: _10.3GM_HT | E47: {=IFERROR(INDIRECT(D47),"")} -> 34.2 | F47: 27 | G47: 22.2 | H47: =IFERROR((Table110[[#This Row],[Plan]]/Table110[[#This Row],[Hours Used]])/(Table110[[#This Row],[SOC (TPD)]]/24),"") -> 0.78947368 | I47: =IFERROR((Table110[[#This Row],[Volume Delivered (T)]]/Table110[[#This Row],[Hours Used]])/(Table110[[#This Row],[SOC (TPD)]]/24),"") -> 0.64912281 | M47: 1.589 | N47: 0.046 | O47: 36 | Q47: 4 | R47: 0 | S47: 0 | T47: =IF(Table110[[#This Row],[SKU]]="",0,24-Table110[[#This Row],[Legal Non-Operating Time]]-Table110[[#This Row],[No Demand Time]]-Table110[[#This Row],[Force Majeure]]) -> 24 | U47: 1 | AB47: =Table110[[#This Row],[Hours Used]]-SUM(Table110[[#This Row],[Planned Maintenance]:[Start and Finish Production]]) -> 23 | AC47: 0.25060667 | AD47: 5.5 | AG47: 0.5 | AI47: =(Table110[[#This Row],[Hours Used]]-SUM(Table110[[#This Row],[Planned Maintenance]:[Start and Finish Production]])-SUM(Table110[[#This Row],[Minor Stoppages]:[Material Shortages]])-Table110[[#This Row],[Quality Loss (Hrs)]]-Table110[[#This Row],[Operating Time]])/3 -> 0.018452749 | AJ47: =IFERROR(IF(Table110[[#This Row],[SKU]]="",0,Table110[[#This Row],[Quality Loss (T)]]/(Table110[[#This Row],[SOC (TPD)]]/24)),"") -> 1.1150877 | AK47: =IFERROR(IF(Table110[[#This Row],[SKU]]="",0,Table110[[#This Row],[Volume Delivered (T)]]/(Table110[[#This Row],[SOC (TPD)]]/24)),"") -> 15.578947 | AL47: =IFERROR(Table110[[#This Row],[Operating Time]]/Table110[[#This Row],[PRODUCTION HOURS]],"") -> 0.67734554 | AM47: 64 | AN47: YES | AO47: NO | AP47: 0 | AQ47: 3 | AS47: =IFERROR(SUMIFS(#REF!,#REF!,'Shift Wise-Data Sheet'!A:A,#REF!,"Samridhi Perk Line")/SUMIFS(#REF!,#REF!,'Shift Wise-Data Sheet'!A:A,#REF!,"Samridhi Perk Line"),"") | AT47: 10 | AU47: 0 | AV47: =IFERROR(VLOOKUP(Table110[[#This Row],[Date]],'Overweight Data'!A45:G1140,6,FALSE),"") | AW47: =IFERROR( IF( OR(Table110[[#This Row],[Operating Time]]=0, (Table110[[#This Row],[Operating Time]]/IF(AD47<=1,AD47+1,AD47))*60=0), 1, ((Table110[[#This Row],[Operating Time]])/IF(AD47<=1,AD47+1,AD47))*60 ), "_") -> 169.95215 | AX47: =COUNTIFS('Downtime Data'!A:A,Table110[[#This Row],[Date]]) -> 1 | AY47: =IFERROR((SUM(Table110[[#This Row],[Minor Stoppages]:[Material Shortages]])/Table110[[#This Row],['# Stops]])*60,"") -> 375.0364 | BA47: 46079
A48: 46065 | B48: =IF(A48="","",TEXT(A48,"dddddd")) -> Thursday | D48: _10.3GM_HT | E48: {=IFERROR(INDIRECT(D48),"")} -> 34.2 | G48: 24.057956 | H48: =IFERROR((Table110[[#This Row],[Plan]]/Table110[[#This Row],[Hours Used]])/(Table110[[#This Row],[SOC (TPD)]]/24),"") -> 0 | I48: =IFERROR((Table110[[#This Row],[Volume Delivered (T)]]/Table110[[#This Row],[Hours Used]])/(Table110[[#This Row],[SOC (TPD)]]/24),"") -> 0.70344901 | M48: 2.071 | N48: 0.046 | R48: 0 | S48: 0 | T48: =IF(Table110[[#This Row],[SKU]]="",0,24-Table110[[#This Row],[Legal Non-Operating Time]]-Table110[[#This Row],[No Demand Time]]-Table110[[#This Row],[Force Majeure]]) -> 24 | U48: 1 | V48: 0.3 | X48: 0.5 | AB48: =Table110[[#This Row],[Hours Used]]-SUM(Table110[[#This Row],[Planned Maintenance]:[Start and Finish Production]]) -> 22.2 | AD48: 0.6 | AE48: 1.1 | AG48: 2.2 | AI48: =(Table110[[#This Row],[Hours Used]]-SUM(Table110[[#This Row],[Planned Maintenance]:[Start and Finish Production]])-SUM(Table110[[#This Row],[Minor Stoppages]:[Material Shortages]])-Table110[[#This Row],[Quality Loss (Hrs)]]-Table110[[#This Row],[Operating Time]])/3 -> -0.012036491 | AJ48: =IFERROR(IF(Table110[[#This Row],[SKU]]="",0,Table110[[#This Row],[Quality Loss (T)]]/(Table110[[#This Row],[SOC (TPD)]]/24)),"") -> 1.4533333 | AK48: =IFERROR(IF(Table110[[#This Row],[SKU]]="",0,Table110[[#This Row],[Volume Delivered (T)]]/(Table110[[#This Row],[SOC (TPD)]]/24)),"") -> 16.882776 | AL48: =IFERROR(Table110[[#This Row],[Operating Time]]/Table110[[#This Row],[PRODUCTION HOURS]],"") -> 0.76048541 | AM48: 64 | AN48: YES | AO48: NO | AP48: 0 | AQ48: 0 | AS48: =IFERROR(SUMIFS(#REF!,#REF!,'Shift Wise-Data Sheet'!A:A,#REF!,"Samridhi Perk Line")/SUMIFS(#REF!,#REF!,'Shift Wise-Data Sheet'!A:A,#REF!,"Samridhi Perk Line"),"") | AT48: 17 | AU48: 0 | AV48: =IFERROR(VLOOKUP(Table110[[#This Row],[Date]],'Overweight Data'!A46:G1141,6,FALSE),"") -> 0.02043862 | AW48: =IFERROR( IF( OR(Table110[[#This Row],[Operating Time]]=0, (Table110[[#This Row],[Operating Time]]/IF(AD48<=1,AD48+1,AD48))*60=0), 1, ((Table110[[#This Row],[Operating Time]])/IF(AD48<=1,AD48+1,AD48))*60 ), "_") -> 633.10411 | AX48: =COUNTIFS('Downtime Data'!A:A,Table110[[#This Row],[Date]]) -> 2 | AY48: =IFERROR((SUM(Table110[[#This Row],[Minor Stoppages]:[Material Shortages]])/Table110[[#This Row],['# Stops]])*60,"") -> 117 | BA48: 46079
A49: 46066 | B49: =IF(A49="","",TEXT(A49,"dddddd")) -> Friday | D49: _10.3GM_HT | E49: {=IFERROR(INDIRECT(D49),"")} -> 34.2 | F49: 28 | G49: 29.1 | H49: =IFERROR((Table110[[#This Row],[Plan]]/Table110[[#This Row],[Hours Used]])/(Table110[[#This Row],[SOC (TPD)]]/24),"") -> 0.81871345 | I49: =IFERROR((Table110[[#This Row],[Volume Delivered (T)]]/Table110[[#This Row],[Hours Used]])/(Table110[[#This Row],[SOC (TPD)]]/24),"") -> 0.85087719 | M49: 1.774 | N49: 0.047 | O49: 39 | Q49: 2 | R49: 1 | S49: 1 | T49: =IF(Table110[[#This Row],[SKU]]="",0,24-Table110[[#This Row],[Legal Non-Operating Time]]-Table110[[#This Row],[No Demand Time]]-Table110[[#This Row],[Force Majeure]]) -> 24 | V49: 0.4 | X49: 0.5 | AB49: =Table110[[#This Row],[Hours Used]]-SUM(Table110[[#This Row],[Planned Maintenance]:[Start and Finish Production]]) -> 23.1 | AE49: 1.4 | AI49: =(Table110[[#This Row],[Hours Used]]-SUM(Table110[[#This Row],[Planned Maintenance]:[Start and Finish Production]])-SUM(Table110[[#This Row],[Minor Stoppages]:[Material Shortages]])-Table110[[#This Row],[Quality Loss (Hrs)]]-Table110[[#This Row],[Operating Time]])/3 -> 0.011345029 | AJ49: =IFERROR(IF(Table110[[#This Row],[SKU]]="",0,Table110[[#This Row],[Quality Loss (T)]]/(Table110[[#This Row],[SOC (TPD)]]/24)),"") -> 1.2449123 | AK49: =IFERROR(IF(Table110[[#This Row],[SKU]]="",0,Table110[[#This Row],[Volume Delivered (T)]]/(Table110[[#This Row],[SOC (TPD)]]/24)),"") -> 20.421053 | AL49: =IFERROR(Table110[[#This Row],[Operating Time]]/Table110[[#This Row],[PRODUCTION HOURS]],"") -> 0.88402825 | AM49: 86 | AN49: YES | AO49: NO | AP49: 19 | AQ49: 18 | AS49: =IFERROR(SUMIFS(#REF!,#REF!,'Shift Wise-Data Sheet'!A:A,#REF!,"Samridhi Perk Line")/SUMIFS(#REF!,#REF!,'Shift Wise-Data Sheet'!A:A,#REF!,"Samridhi Perk Line"),"") | AT49: 8 | AU49: 0 | AV49: =IFERROR(VLOOKUP(Table110[[#This Row],[Date]],'Overweight Data'!A47:G1142,6,FALSE),"") -> 0.027357274 | AW49: =IFERROR( IF( OR(Table110[[#This Row],[Operating Time]]=0, (Table110[[#This Row],[Operating Time]]/IF(AD49<=1,AD49+1,AD49))*60=0), 1, ((Table110[[#This Row],[Operating Time]])/IF(AD49<=1,AD49+1,AD49))*60 ), "_") -> 1225.2632 | AX49: =COUNTIFS('Downtime Data'!A:A,Table110[[#This Row],[Date]]) -> 0 | AY49: =IFERROR((SUM(Table110[[#This Row],[Minor Stoppages]:[Material Shortages]])/Table110[[#This Row],['# Stops]])*60,"") | BA49: 46079
A50: 46067 | B50: =IF(A50="","",TEXT(A50,"dddddd")) -> Saturday | D50: _10.3GM_HT | E50: {=IFERROR(INDIRECT(D50),"")} -> 34.2 | F50: 28 | G50: 22.2 | H50: =IFERROR((Table110[[#This Row],[Plan]]/Table110[[#This Row],[Hours Used]])/(Table110[[#This Row],[SOC (TPD)]]/24),"") -> 0.81871345 | I50: =IFERROR((Table110[[#This Row],[Volume Delivered (T)]]/Table110[[#This Row],[Hours Used]])/(Table110[[#This Row],[SOC (TPD)]]/24),"") -> 0.64912281 | M50: 1.164 | N50: 0.046 | O50: 35 | R50: 6 | S50: 6 | T50: =IF(Table110[[#This Row],[SKU]]="",0,24-Table110[[#This Row],[Legal Non-Operating Time]]-Table110[[#This Row],[No Demand Time]]-Table110[[#This Row],[Force Majeure]]) -> 24 | U50: 1 | W50: 8.5 | AB50: =Table110[[#This Row],[Hours Used]]-SUM(Table110[[#This Row],[Planned Maintenance]:[Start and Finish Production]]) -> 14.5 | AC50: 0.25860465 | AD50: 0.9 | AE50: 1.5 | AI50: =(Table110[[#This Row],[Hours Used]]-SUM(Table110[[#This Row],[Planned Maintenance]:[Start and Finish Production]])-SUM(Table110[[#This Row],[Minor Stoppages]:[Material Shortages]])-Table110[[#This Row],[Quality Loss (Hrs)]]-Table110[[#This Row],[Operating Time]])/3 -> -1.5181314 | AJ50: =IFERROR(IF(Table110[[#This Row],[SKU]]="",0,Table110[[#This Row],[Quality Loss (T)]]/(Table110[[#This Row],[SOC (TPD)]]/24)),"") -> 0.81684211 | AK50: =IFERROR(IF(Table110[[#This Row],[SKU]]="",0,Table110[[#This Row],[Volume Delivered (T)]]/(Table110[[#This Row],[SOC (TPD)]]/24)),"") -> 15.578947 | AL50: =IFERROR(Table110[[#This Row],[Operating Time]]/Table110[[#This Row],[PRODUCTION HOURS]],"") -> 1.0744102 | AM50: 88 | AN50: NO | AO50: NO | AP50: 5 | AQ50: 0 | AR50: 6 | AS50: =IFERROR(SUMIFS(#REF!,#REF!,'Shift Wise-Data Sheet'!A:A,#REF!,"Samridhi Perk Line")/SUMIFS(#REF!,#REF!,'Shift Wise-Data Sheet'!A:A,#REF!,"Samridhi Perk Line"),"") | AT50: 29 | AU50: 0 | AV50: =IFERROR(VLOOKUP(Table110[[#This Row],[Date]],'Overweight Data'!A48:G1143,6,FALSE),"") -> 0.047651934 | AW50: =IFERROR( IF( OR(Table110[[#This Row],[Operating Time]]=0, (Table110[[#This Row],[Operating Time]]/IF(AD50<=1,AD50+1,AD50))*60=0), 1, ((Table110[[#This Row],[Operating Time]])/IF(AD50<=1,AD50+1,AD50))*60 ), "_") -> 491.96676 | AX50: =COUNTIFS('Downtime Data'!A:A,Table110[[#This Row],[Date]]) -> 0 | AY50: =IFERROR((SUM(Table110[[#This Row],[Minor Stoppages]:[Material Shortages]])/Table110[[#This Row],['# Stops]])*60,"") | BA50: 46079
A51: 46068 | B51: =IF(A51="","",TEXT(A51,"dddddd")) -> Sunday | D51: _10.3GM | E51: {=IFERROR(INDIRECT(D51),"")} -> 39.2 | F51: 28 | G51: 30.719088 | H51: =IFERROR((Table110[[#This Row],[Plan]]/Table110[[#This Row],[Hours Used]])/(Table110[[#This Row],[SOC (TPD)]]/24),"") -> 0.71428571 | I51: =IFERROR((Table110[[#This Row],[Volume Delivered (T)]]/Table110[[#This Row],[Hours Used]])/(Table110[[#This Row],[SOC (TPD)]]/24),"") -> 0.7836502 | M51: 1 | N51: 0.044 | O51: 30 | R51: 42 | S51: 42 | T51: =IF(Table110[[#This Row],[SKU]]="",0,24-Table110[[#This Row],[Legal Non-Operating Time]]-Table110[[#This Row],[No Demand Time]]-Table110[[#This Row],[Force Majeure]]) -> 24 | AB51: =Table110[[#This Row],[Hours Used]]-SUM(Table110[[#This Row],[Planned Maintenance]:[Start and Finish Production]]) -> 24 | AE51: 2.3 | AG51: 2 | AI51: =(Table110[[#This Row],[Hours Used]]-SUM(Table110[[#This Row],[Planned Maintenance]:[Start and Finish Production]])-SUM(Table110[[#This Row],[Minor Stoppages]:[Material Shortages]])-Table110[[#This Row],[Quality Loss (Hrs)]]-Table110[[#This Row],[Operating Time]])/3 -> 0.093383401 | AJ51: =IFERROR(IF(Table110[[#This Row],[SKU]]="",0,Table110[[#This Row],[Quality Loss (T)]]/(Table110[[#This Row],[SOC (TPD)]]/24)),"") -> 0.6122449 | AK51: =IFERROR(IF(Table110[[#This Row],[SKU]]="",0,Table110[[#This Row],[Volume Delivered (T)]]/(Table110[[#This Row],[SOC (TPD)]]/24)),"") -> 18.807605 | AL51: =IFERROR(Table110[[#This Row],[Operating Time]]/Table110[[#This Row],[PRODUCTION HOURS]],"") -> 0.7836502 | AM51: 87 | AN51: YES | AO51: NO | AP51: 0 | AQ51: 0 | AR51: 41 | AS51: =IFERROR(SUMIFS(#REF!,#REF!,'Shift Wise-Data Sheet'!A:A,#REF!,"Samridhi Perk Line")/SUMIFS(#REF!,#REF!,'Shift Wise-Data Sheet'!A:A,#REF!,"Samridhi Perk Line"),"") | AT51: 18 | AU51: 0 | AV51: =IFERROR(VLOOKUP(Table110[[#This Row],[Date]],'Overweight Data'!A49:G1144,6,FALSE),"") -> 0.041077348 | AW51: =IFERROR( IF( OR(Table110[[#This Row],[Operating Time]]=0, (Table110[[#This Row],[Operating Time]]/IF(AD51<=1,AD51+1,AD51))*60=0), 1, ((Table110[[#This Row],[Operating Time]])/IF(AD51<=1,AD51+1,AD51))*60 ), "_") -> 1128.4563 | AX51: =COUNTIFS('Downtime Data'!A:A,Table110[[#This Row],[Date]]) -> 0 | AY51: =IFERROR((SUM(Table110[[#This Row],[Minor Stoppages]:[Material Shortages]])/Table110[[#This Row],['# Stops]])*60,"") | BA51: 46079
A52: 46069 | B52: =IF(A52="","",TEXT(A52,"dddddd")) -> Monday | D52: _10.3GM | E52: {=IFERROR(INDIRECT(D52),"")} -> 39.2 | F52: 28 | G52: 35.720472 | H52: =IFERROR((Table110[[#This Row],[Plan]]/Table110[[#This Row],[Hours Used]])/(Table110[[#This Row],[SOC (TPD)]]/24),"") -> 0.71428571 | I52: =IFERROR((Table110[[#This Row],[Volume Delivered (T)]]/Table110[[#This Row],[Hours Used]])/(Table110[[#This Row],[SOC (TPD)]]/24),"") -> 0.91123653 | M52: 1.568 | N52: 0.041 | O52: 24 | Q52: 3 | R52: 0 | S52: 0 | T52: =IF(Table110[[#This Row],[SKU]]="",0,24-Table110[[#This Row],[Legal Non-Operating Time]]-Table110[[#This Row],[No Demand Time]]-Table110[[#This Row],[Force Majeure]]) -> 24 | V52: 0.3 | AB52: =Table110[[#This Row],[Hours Used]]-SUM(Table110[[#This Row],[Planned Maintenance]:[Start and Finish Production]]) -> 23.7 | AD52: 0.3 | AE52: 0.3 | AI52: =(Table110[[#This Row],[Hours Used]]-SUM(Table110[[#This Row],[Planned Maintenance]:[Start and Finish Production]])-SUM(Table110[[#This Row],[Minor Stoppages]:[Material Shortages]])-Table110[[#This Row],[Quality Loss (Hrs)]]-Table110[[#This Row],[Operating Time]])/3 -> 0.090107755 | AJ52: =IFERROR(IF(Table110[[#This Row],[SKU]]="",0,Table110[[#This Row],[Quality Loss (T)]]/(Table110[[#This Row],[SOC (TPD)]]/24)),"") -> 0.96 | AK52: =IFERROR(IF(Table110[[#This Row],[SKU]]="",0,Table110[[#This Row],[Volume Delivered (T)]]/(Table110[[#This Row],[SOC (TPD)]]/24)),"") -> 21.869677 | AL52: =IFERROR(Table110[[#This Row],[Operating Time]]/Table110[[#This Row],[PRODUCTION HOURS]],"") -> 0.92277117 | AM52: 99 | AN52: YES | AO52: NO | AP52: 0 | AQ52: 0 | AS52: =IFERROR(SUMIFS(#REF!,#REF!,'Shift Wise-Data Sheet'!A:A,#REF!,"Samridhi Perk Line")/SUMIFS(#REF!,#REF!,'Shift Wise-Data Sheet'!A:A,#REF!,"Samridhi Perk Line"),"") | AT52: 12 | AU52: 0 | AV52: =IFERROR(VLOOKUP(Table110[[#This Row],[Date]],'Overweight Data'!A50:G1145,6,FALSE),"") -> 0.046086556 | AW52: =IFERROR( IF( OR(Table110[[#This Row],[Operating Time]]=0, (Table110[[#This Row],[Operating Time]]/IF(AD52<=1,AD52+1,AD52))*60=0), 1, ((Table110[[#This Row],[Operating Time]])/IF(AD52<=1,AD52+1,AD52))*60 ), "_") -> 1009.3697 | AX52: =COUNTIFS('Downtime Data'!A:A,Table110[[#This Row],[Date]]) -> 0 | AY52: =IFERROR((SUM(Table110[[#This Row],[Minor Stoppages]:[Material Shortages]])/Table110[[#This Row],['# Stops]])*60,"") | BA52: 46079
A53: 46070 | B53: =IF(A53="","",TEXT(A53,"dddddd")) -> Tuesday | D53: _10.3GM | E53: {=IFERROR(INDIRECT(D53),"")} -> 39.2 | F53: 28 | G53: 36.928536 | H53: =IFERROR((Table110[[#This Row],[Plan]]/Table110[[#This Row],[Hours Used]])/(Table110[[#This Row],[SOC (TPD)]]/24),"") -> 0.71428571 | I53: =IFERROR((Table110[[#This Row],[Volume Delivered (T)]]/Table110[[#This Row],[Hours Used]])/(Table110[[#This Row],[SOC (TPD)]]/24),"") -> 0.94205449 | M53: 1.28 | N53: 0.04 | O53: 21.5 | Q53: 2.5 | R53: 0 | S53: 0 | T53: =IF(Table110[[#This Row],[SKU]]="",0,24-Table110[[#This Row],[Legal Non-Operating Time]]-Table110[[#This Row],[No Demand Time]]-Table110[[#This Row],[Force Majeure]]) -> 24 | V53: 0.4 | AB53: =Table110[[#This Row],[Hours Used]]-SUM(Table110[[#This Row],[Planned Maintenance]:[Start and Finish Production]]) -> 23.6 | AI53: =(Table110[[#This Row],[Hours Used]]-SUM(Table110[[#This Row],[Planned Maintenance]:[Start and Finish Production]])-SUM(Table110[[#This Row],[Minor Stoppages]:[Material Shortages]])-Table110[[#This Row],[Quality Loss (Hrs)]]-Table110[[#This Row],[Operating Time]])/3 -> 0.069006259 | AJ53: =IFERROR(IF(Table110[[#This Row],[SKU]]="",0,Table110[[#This Row],[Quality Loss (T)]]/(Table110[[#This Row],[SOC (TPD)]]/24)),"") -> 0.78367347 | AK53: =IFERROR(IF(Table110[[#This Row],[SKU]]="",0,Table110[[#This Row],[Volume Delivered (T)]]/(Table110[[#This Row],[SOC (TPD)]]/24)),"") -> 22.609308 | AL53: =IFERROR(Table110[[#This Row],[Operating Time]]/Table110[[#This Row],[PRODUCTION HOURS]],"") -> 0.95802152 | AM53: 102 | AN53: YES | AO53: NO | AP53: 0 | AQ53: 0 | AS53: =IFERROR(SUMIFS(#REF!,#REF!,'Shift Wise-Data Sheet'!A:A,#REF!,"Samridhi Perk Line")/SUMIFS(#REF!,#REF!,'Shift Wise-Data Sheet'!A:A,#REF!,"Samridhi Perk Line"),"") | AT53: 3 | AU53: 0 | AV53: =IFERROR(VLOOKUP(Table110[[#This Row],[Date]],'Overweight Data'!A51:G1146,6,FALSE),"") -> 0.026252302 | AW53: =IFERROR( IF( OR(Table110[[#This Row],[Operating Time]]=0, (Table110[[#This Row],[Operating Time]]/IF(AD53<=1,AD53+1,AD53))*60=0), 1, ((Table110[[#This Row],[Operating Time]])/IF(AD53<=1,AD53+1,AD53))*60 ), "_") -> 1356.5585 | AX53: =COUNTIFS('Downtime Data'!A:A,Table110[[#This Row],[Date]]) -> 0 | AY53: =IFERROR((SUM(Table110[[#This Row],[Minor Stoppages]:[Material Shortages]])/Table110[[#This Row],['# Stops]])*60,"") | BA53: 46079
A54: 46071 | B54: =IF(A54="","",TEXT(A54,"dddddd")) -> Wednesday | D54: _10.3GM | E54: {=IFERROR(INDIRECT(D54),"")} -> 39.2 | F54: 28 | G54: 34.985112 | H54: =IFERROR((Table110[[#This Row],[Plan]]/Table110[[#This Row],[Hours Used]])/(Table110[[#This Row],[SOC (TPD)]]/24),"") -> 0.71428571 | I54: =IFERROR((Table110[[#This Row],[Volume Delivered (T)]]/Table110[[#This Row],[Hours Used]])/(Table110[[#This Row],[SOC (TPD)]]/24),"") -> 0.89247735 | M54: 1.4 | N54: 0.04 | O54: 17.5 | R54: 3 | S54: 3 | T54: =IF(Table110[[#This Row],[SKU]]="",0,24-Table110[[#This Row],[Legal Non-Operating Time]]-Table110[[#This Row],[No Demand Time]]-Table110[[#This Row],[Force Majeure]]) -> 24 | V54: 0.3 | AB54: =Table110[[#This Row],[Hours Used]]-SUM(Table110[[#This Row],[Planned Maintenance]:[Start and Finish Production]]) -> 23.7 | AD54: 1.25 | AI54: =(Table110[[#This Row],[Hours Used]]-SUM(Table110[[#This Row],[Planned Maintenance]:[Start and Finish Production]])-SUM(Table110[[#This Row],[Minor Stoppages]:[Material Shortages]])-Table110[[#This Row],[Quality Loss (Hrs)]]-Table110[[#This Row],[Operating Time]])/3 -> 0.057800272 | AJ54: =IFERROR(IF(Table110[[#This Row],[SKU]]="",0,Table110[[#This Row],[Quality Loss (T)]]/(Table110[[#This Row],[SOC (TPD)]]/24)),"") -> 0.85714286 | AK54: =IFERROR(IF(Table110[[#This Row],[SKU]]="",0,Table110[[#This Row],[Volume Delivered (T)]]/(Table110[[#This Row],[SOC (TPD)]]/24)),"") -> 21.419456 | AL54: =IFERROR(Table110[[#This Row],[Operating Time]]/Table110[[#This Row],[PRODUCTION HOURS]],"") -> 0.90377453 | AN54: YES | AO54: NO | AP54: 3 | AQ54: 3 | AR54: 3 | AS54: =IFERROR(SUMIFS(#REF!,#REF!,'Shift Wise-Data Sheet'!A:A,#REF!,"Samridhi Perk Line")/SUMIFS(#REF!,#REF!,'Shift Wise-Data Sheet'!A:A,#REF!,"Samridhi Perk Line"),"") | AU54: 0 | AV54: =IFERROR(VLOOKUP(Table110[[#This Row],[Date]],'Overweight Data'!A52:G1147,6,FALSE),"") -> 0.031583794 | AW54: =IFERROR( IF( OR(Table110[[#This Row],[Operating Time]]=0, (Table110[[#This Row],[Operating Time]]/IF(AD54<=1,AD54+1,AD54))*60=0), 1, ((Table110[[#This Row],[Operating Time]])/IF(AD54<=1,AD54+1,AD54))*60 ), "_") -> 1028.1339 | AX54: =COUNTIFS('Downtime Data'!A:A,Table110[[#This Row],[Date]]) -> 0 | AY54: =IFERROR((SUM(Table110[[#This Row],[Minor Stoppages]:[Material Shortages]])/Table110[[#This Row],['# Stops]])*60,"") | BA54: 46079
A55: 46072 | B55: =IF(A55="","",TEXT(A55,"dddddd")) -> Thursday | D55: _10.3GM | E55: {=IFERROR(INDIRECT(D55),"")} -> 39.2 | F55: 28 | G55: 36.534626 | H55: =IFERROR((Table110[[#This Row],[Plan]]/Table110[[#This Row],[Hours Used]])/(Table110[[#This Row],[SOC (TPD)]]/24),"") -> 0.71428571 | I55: =IFERROR((Table110[[#This Row],[Volume Delivered (T)]]/Table110[[#This Row],[Hours Used]])/(Table110[[#This Row],[SOC (TPD)]]/24),"") -> 0.93200577 | M55: 0.8 | N55: 0.04 | O55: 13 | R55: 1 | S55: 0 | T55: =IF(Table110[[#This Row],[SKU]]="",0,24-Table110[[#This Row],[Legal Non-Operating Time]]-Table110[[#This Row],[No Demand Time]]-Table110[[#This Row],[Force Majeure]]) -> 24 | V55: 0.3 | AB55: =Table110[[#This Row],[Hours Used]]-SUM(Table110[[#This Row],[Planned Maintenance]:[Start and Finish Production]]) -> 23.7 | AD55: 0.65 | AI55: =(Table110[[#This Row],[Hours Used]]-SUM(Table110[[#This Row],[Planned Maintenance]:[Start and Finish Production]])-SUM(Table110[[#This Row],[Minor Stoppages]:[Material Shortages]])-Table110[[#This Row],[Quality Loss (Hrs)]]-Table110[[#This Row],[Operating Time]])/3 -> 0.064021905 | AJ55: =IFERROR(IF(Table110[[#This Row],[SKU]]="",0,Table110[[#This Row],[Quality Loss (T)]]/(Table110[[#This Row],[SOC (TPD)]]/24)),"") -> 0.48979592 | AK55: =IFERROR(IF(Table110[[#This Row],[SKU]]="",0,Table110[[#This Row],[Volume Delivered (T)]]/(Table110[[#This Row],[SOC (TPD)]]/24)),"") -> 22.368138 | AL55: =IFERROR(Table110[[#This Row],[Operating Time]]/Table110[[#This Row],[PRODUCTION HOURS]],"") -> 0.94380331 | AN55: YES | AO55: YES | AP55: 0 | AQ55: 0 | AS55: =IFERROR(SUMIFS(#REF!,#REF!,'Shift Wise-Data Sheet'!A:A,#REF!,"Samridhi Perk Line")/SUMIFS(#REF!,#REF!,'Shift Wise-Data Sheet'!A:A,#REF!,"Samridhi Perk Line"),"") | AT55: 29 | AU55: 0 | AV55: =IFERROR(VLOOKUP(Table110[[#This Row],[Date]],'Overweight Data'!A53:G1148,6,FALSE),"") -> 0.037660596 | AW55: =IFERROR( IF( OR(Table110[[#This Row],[Operating Time]]=0, (Table110[[#This Row],[Operating Time]]/IF(AD55<=1,AD55+1,AD55))*60=0), 1, ((Table110[[#This Row],[Operating Time]])/IF(AD55<=1,AD55+1,AD55))*60 ), "_") -> 813.38685 | AX55: =COUNTIFS('Downtime Data'!A:A,Table110[[#This Row],[Date]]) -> 0 | AY55: =IFERROR((SUM(Table110[[#This Row],[Minor Stoppages]:[Material Shortages]])/Table110[[#This Row],['# Stops]])*60,"") | BA55: 46079
A56: 46073 | B56: =IF(A56="","",TEXT(A56,"dddddd")) -> Friday | D56: _10.3GM | E56: {=IFERROR(INDIRECT(D56),"")} -> 39.2 | F56: 28 | G56: 35.914013 | H56: =IFERROR((Table110[[#This Row],[Plan]]/Table110[[#This Row],[Hours Used]])/(Table110[[#This Row],[SOC (TPD)]]/24),"") -> 0.71428571 | I56: =IFERROR((Table110[[#This Row],[Volume Delivered (T)]]/Table110[[#This Row],[Hours Used]])/(Table110[[#This Row],[SOC (TPD)]]/24),"") -> 0.9161738 | M56: 1.3 | N56: 0.04 | O56: 18 | R56: 0 | S56: 0 | T56: =IF(Table110[[#This Row],[SKU]]="",0,24-Table110[[#This Row],[Legal Non-Operating Time]]-Table110[[#This Row],[No Demand Time]]-Table110[[#This Row],[Force Majeure]]) -> 24 | V56: 0.4 | AB56: =Table110[[#This Row],[Hours Used]]-SUM(Table110[[#This Row],[Planned Maintenance]:[Start and Finish Production]]) -> 23.6 | AD56: 0.6 | AI56: =(Table110[[#This Row],[Hours Used]]-SUM(Table110[[#This Row],[Planned Maintenance]:[Start and Finish Production]])-SUM(Table110[[#This Row],[Minor Stoppages]:[Material Shortages]])-Table110[[#This Row],[Quality Loss (Hrs)]]-Table110[[#This Row],[Operating Time]])/3 -> 0.071970136 | AJ56: =IFERROR(IF(Table110[[#This Row],[SKU]]="",0,Table110[[#This Row],[Quality Loss (T)]]/(Table110[[#This Row],[SOC (TPD)]]/24)),"") -> 0.79591837 | AK56: =IFERROR(IF(Table110[[#This Row],[SKU]]="",0,Table110[[#This Row],[Volume Delivered (T)]]/(Table110[[#This Row],[SOC (TPD)]]/24)),"") -> 21.988171 | AL56: =IFERROR(Table110[[#This Row],[Operating Time]]/Table110[[#This Row],[PRODUCTION HOURS]],"") -> 0.93170217 | AN56: YES | AO56: YES | AP56: 0 | AQ56: 0 | AS56: =IFERROR(SUMIFS(#REF!,#REF!,'Shift Wise-Data Sheet'!A:A,#REF!,"Samridhi Perk Line")/SUMIFS(#REF!,#REF!,'Shift Wise-Data Sheet'!A:A,#REF!,"Samridhi Perk Line"),"") | AT56: 18 | AU56: 0 | AV56: =IFERROR(VLOOKUP(Table110[[#This Row],[Date]],'Overweight Data'!A54:G1149,6,FALSE),"") -> 0.037229965 | AW56: =IFERROR( IF( OR(Table110[[#This Row],[Operating Time]]=0, (Table110[[#This Row],[Operating Time]]/IF(AD56<=1,AD56+1,AD56))*60=0), 1, ((Table110[[#This Row],[Operating Time]])/IF(AD56<=1,AD56+1,AD56))*60 ), "_") -> 824.55642 | AX56: =COUNTIFS('Downtime Data'!A:A,Table110[[#This Row],[Date]]) -> 0 | AY56: =IFERROR((SUM(Table110[[#This Row],[Minor Stoppages]:[Material Shortages]])/Table110[[#This Row],['# Stops]])*60,"") | BA56: 46079
A57: 46074 | B57: =IF(A57="","",TEXT(A57,"dddddd")) -> Saturday | D57: _10.3GM | E57: {=IFERROR(INDIRECT(D57),"")} -> 39.2 | F57: 28 | G57: 34.729198 | H57: =IFERROR((Table110[[#This Row],[Plan]]/Table110[[#This Row],[Hours Used]])/(Table110[[#This Row],[SOC (TPD)]]/24),"") -> 0.71428571 | I57: =IFERROR((Table110[[#This Row],[Volume Delivered (T)]]/Table110[[#This Row],[Hours Used]])/(Table110[[#This Row],[SOC (TPD)]]/24),"") -> 0.88594893 | M57: 1.2 | N57: 0.039 | O57: 12 | R57: 1 | S57: 1 | T57: =IF(Table110[[#This Row],[SKU]]="",0,24-Table110[[#This Row],[Legal Non-Operating Time]]-Table110[[#This Row],[No Demand Time]]-Table110[[#This Row],[Force Majeure]]) -> 24 | X57: 1 | AB57: =Table110[[#This Row],[Hours Used]]-SUM(Table110[[#This Row],[Planned Maintenance]:[Start and Finish Production]]) -> 23 | AD57: 0.4 | AE57: 0.3 | AI57: =(Table110[[#This Row],[Hours Used]]-SUM(Table110[[#This Row],[Planned Maintenance]:[Start and Finish Production]])-SUM(Table110[[#This Row],[Minor Stoppages]:[Material Shortages]])-Table110[[#This Row],[Quality Loss (Hrs)]]-Table110[[#This Row],[Operating Time]])/3 -> 0.10084395 | AJ57: =IFERROR(IF(Table110[[#This Row],[SKU]]="",0,Table110[[#This Row],[Quality Loss (T)]]/(Table110[[#This Row],[SOC (TPD)]]/24)),"") -> 0.73469388 | AK57: =IFERROR(IF(Table110[[#This Row],[SKU]]="",0,Table110[[#This Row],[Volume Delivered (T)]]/(Table110[[#This Row],[SOC (TPD)]]/24)),"") -> 21.262774 | AL57: =IFERROR(Table110[[#This Row],[Operating Time]]/Table110[[#This Row],[PRODUCTION HOURS]],"") -> 0.92446845 | AN57: YES | AO57: YES | AP57: 2 | AQ57: 2 | AR57: 1 | AS57: =IFERROR(SUMIFS(#REF!,#REF!,'Shift Wise-Data Sheet'!A:A,#REF!,"Samridhi Perk Line")/SUMIFS(#REF!,#REF!,'Shift Wise-Data Sheet'!A:A,#REF!,"Samridhi Perk Line"),"") | AT57: 3 | AU57: 0 | AV57: =IFERROR(VLOOKUP(Table110[[#This Row],[Date]],'Overweight Data'!A55:G1150,6,FALSE),"") -> 0.033649826 | AW57: =IFERROR( IF( OR(Table110[[#This Row],[Operating Time]]=0, (Table110[[#This Row],[Operating Time]]/IF(AD57<=1,AD57+1,AD57))*60=0), 1, ((Table110[[#This Row],[Operating Time]])/IF(AD57<=1,AD57+1,AD57))*60 ), "_") -> 911.26176 | AX57: =COUNTIFS('Downtime Data'!A:A,Table110[[#This Row],[Date]]) -> 1 | AY57: =IFERROR((SUM(Table110[[#This Row],[Minor Stoppages]:[Material Shortages]])/Table110[[#This Row],['# Stops]])*60,"") -> 42 | BA57: 46079
A58: 46075 | B58: =IF(A58="","",TEXT(A58,"dddddd")) -> Sunday | D58: _10.3GM_HT | E58: {=IFERROR(INDIRECT(D58),"")} -> 34.2 | F58: 32 | G58: 31.5 | H58: =IFERROR((Table110[[#This Row],[Plan]]/Table110[[#This Row],[Hours Used]])/(Table110[[#This Row],[SOC (TPD)]]/24),"") -> 0.93567251 | I58: =IFERROR((Table110[[#This Row],[Volume Delivered (T)]]/Table110[[#This Row],[Hours Used]])/(Table110[[#This Row],[SOC (TPD)]]/24),"") -> 0.92105263 | M58: 1.2 | N58: 0.039 | O58: 12 | T58: =IF(Table110[[#This Row],[SKU]]="",0,24-Table110[[#This Row],[Legal Non-Operating Time]]-Table110[[#This Row],[No Demand Time]]-Table110[[#This Row],[Force Majeure]]) -> 24 | X58: 1 | AB58: =Table110[[#This Row],[Hours Used]]-SUM(Table110[[#This Row],[Planned Maintenance]:[Start and Finish Production]]) -> 23 | AI58: =(Table110[[#This Row],[Hours Used]]-SUM(Table110[[#This Row],[Planned Maintenance]:[Start and Finish Production]])-SUM(Table110[[#This Row],[Minor Stoppages]:[Material Shortages]])-Table110[[#This Row],[Quality Loss (Hrs)]]-Table110[[#This Row],[Operating Time]])/3 -> 0.01754386 | AJ58: =IFERROR(IF(Table110[[#This Row],[SKU]]="",0,Table110[[#This Row],[Quality Loss (T)]]/(Table110[[#This Row],[SOC (TPD)]]/24)),"") -> 0.84210526 | AK58: =IFERROR(IF(Table110[[#This Row],[SKU]]="",0,Table110[[#This Row],[Volume Delivered (T)]]/(Table110[[#This Row],[SOC (TPD)]]/24)),"") -> 22.105263 | AL58: =IFERROR(Table110[[#This Row],[Operating Time]]/Table110[[#This Row],[PRODUCTION HOURS]],"") -> 0.9610984 | AN58: NO | AO58: YES | AP58: 0 | AQ58: 0 | AS58: =IFERROR(SUMIFS(#REF!,#REF!,'Shift Wise-Data Sheet'!A:A,#REF!,"Samridhi Perk Line")/SUMIFS(#REF!,#REF!,'Shift Wise-Data Sheet'!A:A,#REF!,"Samridhi Perk Line"),"") | AV58: =IFERROR(VLOOKUP(Table110[[#This Row],[Date]],'Overweight Data'!A56:G1151,6,FALSE),"") -> 0.042292818 | AW58: =IFERROR( IF( OR(Table110[[#This Row],[Operating Time]]=0, (Table110[[#This Row],[Operating Time]]/IF(AD58<=1,AD58+1,AD58))*60=0), 1, ((Table110[[#This Row],[Operating Time]])/IF(AD58<=1,AD58+1,AD58))*60 ), "_") -> 1326.3158 | AX58: =COUNTIFS('Downtime Data'!A:A,Table110[[#This Row],[Date]]) -> 0 | AY58: =IFERROR((SUM(Table110[[#This Row],[Minor Stoppages]:[Material Shortages]])/Table110[[#This Row],['# Stops]])*60,"") | BA58: 46079
A59: 46076 | B59: =IF(A59="","",TEXT(A59,"dddddd")) -> Monday | D59: _10.3GM_HT | E59: {=IFERROR(INDIRECT(D59),"")} -> 34.2 | F59: 31 | G59: 32.9 | H59: =IFERROR((Table110[[#This Row],[Plan]]/Table110[[#This Row],[Hours Used]])/(Table110[[#This Row],[SOC (TPD)]]/24),"") -> 0.90643275 | I59: =IFERROR((Table110[[#This Row],[Volume Delivered (T)]]/Table110[[#This Row],[Hours Used]])/(Table110[[#This Row],[SOC (TPD)]]/24),"") -> 0.9619883 | M59: 1.4 | N59: 0.038 | O59: 13 | T59: =IF(Table110[[#This Row],[SKU]]="",0,24-Table110[[#This Row],[Legal Non-Operating Time]]-Table110[[#This Row],[No Demand Time]]-Table110[[#This Row],[Force Majeure]]) -> 24 | AB59: =Table110[[#This Row],[Hours Used]]-SUM(Table110[[#This Row],[Planned Maintenance]:[Start and Finish Production]]) -> 24 | AI59: =(Table110[[#This Row],[Hours Used]]-SUM(Table110[[#This Row],[Planned Maintenance]:[Start and Finish Production]])-SUM(Table110[[#This Row],[Minor Stoppages]:[Material Shortages]])-Table110[[#This Row],[Quality Loss (Hrs)]]-Table110[[#This Row],[Operating Time]])/3 -> -0.023391813 | AJ59: =IFERROR(IF(Table110[[#This Row],[SKU]]="",0,Table110[[#This Row],[Quality Loss (T)]]/(Table110[[#This Row],[SOC (TPD)]]/24)),"") -> 0.98245614 | AK59: =IFERROR(IF(Table110[[#This Row],[SKU]]="",0,Table110[[#This Row],[Volume Delivered (T)]]/(Table110[[#This Row],[SOC (TPD)]]/24)),"") -> 23.087719 | AL59: =IFERROR(Table110[[#This Row],[Operating Time]]/Table110[[#This Row],[PRODUCTION HOURS]],"") -> 0.9619883 | AN59: YES | AO59: YES | AP59: 0 | AQ59: 0 | AS59: =IFERROR(SUMIFS(#REF!,#REF!,'Shift Wise-Data Sheet'!A:A,#REF!,"Samridhi Perk Line")/SUMIFS(#REF!,#REF!,'Shift Wise-Data Sheet'!A:A,#REF!,"Samridhi Perk Line"),"") | AV59: =IFERROR(VLOOKUP(Table110[[#This Row],[Date]],'Overweight Data'!A57:G1152,6,FALSE),"") -> 0.026169429 | AW59: =IFERROR( IF( OR(Table110[[#This Row],[Operating Time]]=0, (Table110[[#This Row],[Operating Time]]/IF(AD59<=1,AD59+1,AD59))*60=0), 1, ((Table110[[#This Row],[Operating Time]])/IF(AD59<=1,AD59+1,AD59))*60 ), "_") -> 1385.2632 | AX59: =COUNTIFS('Downtime Data'!A:A,Table110[[#This Row],[Date]]) -> 0 | AY59: =IFERROR((SUM(Table110[[#This Row],[Minor Stoppages]:[Material Shortages]])/Table110[[#This Row],['# Stops]])*60,"") | BA59: 46079
A60: 46077 | B60: =IF(A60="","",TEXT(A60,"dddddd")) -> Tuesday | D60: _10.3GM_HT | E60: {=IFERROR(INDIRECT(D60),"")} -> 34.2 | F60: 30 | G60: 33.2 | H60: =IFERROR((Table110[[#This Row],[Plan]]/Table110[[#This Row],[Hours Used]])/(Table110[[#This Row],[SOC (TPD)]]/24),"") -> 0.87719298 | I60: =IFERROR((Table110[[#This Row],[Volume Delivered (T)]]/Table110[[#This Row],[Hours Used]])/(Table110[[#This Row],[SOC (TPD)]]/24),"") -> 0.97076023 | M60: 1.1 | N60: 0.037 | O60: 12 | T60: =IF(Table110[[#This Row],[SKU]]="",0,24-Table110[[#This Row],[Legal Non-Operating Time]]-Table110[[#This Row],[No Demand Time]]-Table110[[#This Row],[Force Majeure]]) -> 24 | AB60: =Table110[[#This Row],[Hours Used]]-SUM(Table110[[#This Row],[Planned Maintenance]:[Start and Finish Production]]) -> 24 | AI60: =(Table110[[#This Row],[Hours Used]]-SUM(Table110[[#This Row],[Planned Maintenance]:[Start and Finish Production]])-SUM(Table110[[#This Row],[Minor Stoppages]:[Material Shortages]])-Table110[[#This Row],[Quality Loss (Hrs)]]-Table110[[#This Row],[Operating Time]])/3 -> -0.023391813 | AJ60: =IFERROR(IF(Table110[[#This Row],[SKU]]="",0,Table110[[#This Row],[Quality Loss (T)]]/(Table110[[#This Row],[SOC (TPD)]]/24)),"") -> 0.77192982 | AK60: =IFERROR(IF(Table110[[#This Row],[SKU]]="",0,Table110[[#This Row],[Volume Delivered (T)]]/(Table110[[#This Row],[SOC (TPD)]]/24)),"") -> 23.298246 | AL60: =IFERROR(Table110[[#This Row],[Operating Time]]/Table110[[#This Row],[PRODUCTION HOURS]],"") -> 0.97076023 | AN60: YES | AO60: YES | AP60: 0 | AQ60: 0 | AS60: =IFERROR(SUMIFS(#REF!,#REF!,'Shift Wise-Data Sheet'!A:A,#REF!,"Samridhi Perk Line")/SUMIFS(#REF!,#REF!,'Shift Wise-Data Sheet'!A:A,#REF!,"Samridhi Perk Line"),"") | AV60: =IFERROR(VLOOKUP(Table110[[#This Row],[Date]],'Overweight Data'!A58:G1153,6,FALSE),"") -> 0.029189687 | AW60: =IFERROR( IF( OR(Table110[[#This Row],[Operating Time]]=0, (Table110[[#This Row],[Operating Time]]/IF(AD60<=1,AD60+1,AD60))*60=0), 1, ((Table110[[#This Row],[Operating Time]])/IF(AD60<=1,AD60+1,AD60))*60 ), "_") -> 1397.8947 | AX60: =COUNTIFS('Downtime Data'!A:A,Table110[[#This Row],[Date]]) -> 0 | AY60: =IFERROR((SUM(Table110[[#This Row],[Minor Stoppages]:[Material Shortages]])/Table110[[#This Row],['# Stops]])*60,"") | BA60: 46079
A61: 46078 | B61: =IF(A61="","",TEXT(A61,"dddddd")) -> Wednesday | D61: _10.3GM_HT | E61: {=IFERROR(INDIRECT(D61),"")} -> 34.2 | F61: 30 | G61: 26.5 | H61: =IFERROR((Table110[[#This Row],[Plan]]/Table110[[#This Row],[Hours Used]])/(Table110[[#This Row],[SOC (TPD)]]/24),"") -> 0.87719298 | I61: =IFERROR((Table110[[#This Row],[Volume Delivered (T)]]/Table110[[#This Row],[Hours Used]])/(Table110[[#This Row],[SOC (TPD)]]/24),"") -> 0.7748538 | M61: 1.1 | N61: 0.037 | O61: 12 | T61: =IF(Table110[[#This Row],[SKU]]="",0,24-Table110[[#This Row],[Legal Non-Operating Time]]-Table110[[#This Row],[No Demand Time]]-Table110[[#This Row],[Force Majeure]]) -> 24 | AB61: =Table110[[#This Row],[Hours Used]]-SUM(Table110[[#This Row],[Planned Maintenance]:[Start and Finish Production]]) -> 24 | AI61: =(Table110[[#This Row],[Hours Used]]-SUM(Table110[[#This Row],[Planned Maintenance]:[Start and Finish Production]])-SUM(Table110[[#This Row],[Minor Stoppages]:[Material Shortages]])-Table110[[#This Row],[Quality Loss (Hrs)]]-Table110[[#This Row],[Operating Time]])/3 -> 1.5438596 | AJ61: =IFERROR(IF(Table110[[#This Row],[SKU]]="",0,Table110[[#This Row],[Quality Loss (T)]]/(Table110[[#This Row],[SOC (TPD)]]/24)),"") -> 0.77192982 | AK61: =IFERROR(IF(Table110[[#This Row],[SKU]]="",0,Table110[[#This Row],[Volume Delivered (T)]]/(Table110[[#This Row],[SOC (TPD)]]/24)),"") -> 18.596491 | AL61: =IFERROR(Table110[[#This Row],[Operating Time]]/Table110[[#This Row],[PRODUCTION HOURS]],"") -> 0.7748538 | AP61: 0 | AQ61: 0 | AS61: =IFERROR(SUMIFS(#REF!,#REF!,'Shift Wise-Data Sheet'!A:A,#REF!,"Samridhi Perk Line")/SUMIFS(#REF!,#REF!,'Shift Wise-Data Sheet'!A:A,#REF!,"Samridhi Perk Line"),"") | AV61: =IFERROR(VLOOKUP(Table110[[#This Row],[Date]],'Overweight Data'!A59:G1154,6,FALSE),"") | AW61: =IFERROR( IF( OR(Table110[[#This Row],[Operating Time]]=0, (Table110[[#This Row],[Operating Time]]/IF(AD61<=1,AD61+1,AD61))*60=0), 1, ((Table110[[#This Row],[Operating Time]])/IF(AD61<=1,AD61+1,AD61))*60 ), "_") -> 1115.7895 | AX61: =COUNTIFS('Downtime Data'!A:A,Table110[[#This Row],[Date]]) -> 0 | AY61: =IFERROR((SUM(Table110[[#This Row],[Minor Stoppages]:[Material Shortages]])/Table110[[#This Row],['# Stops]])*60,"") | BA61: 46079
A62: 46079 | B62: =IF(A62="","",TEXT(A62,"dddddd")) -> Thursday | D62: _10.3GM_HT | E62: {=IFERROR(INDIRECT(D62),"")} -> 34.2 | F62: 27 | G62: =24.1-6.6 -> 17.5 | H62: =IFERROR((Table110[[#This Row],[Plan]]/Table110[[#This Row],[Hours Used]])/(Table110[[#This Row],[SOC (TPD)]]/24),"") -> 1.1842105 | I62: =IFERROR((Table110[[#This Row],[Volume Delivered (T)]]/Table110[[#This Row],[Hours Used]])/(Table110[[#This Row],[SOC (TPD)]]/24),"") -> 0.76754386 | K62: 8 | M62: 1.1 | N62: 0.036 | O62: 11 | T62: =IF(Table110[[#This Row],[SKU]]="",0,24-Table110[[#This Row],[Legal Non-Operating Time]]-Table110[[#This Row],[No Demand Time]]-Table110[[#This Row],[Force Majeure]]) -> 16 | W62: 2.3 | AB62: =Table110[[#This Row],[Hours Used]]-SUM(Table110[[#This Row],[Planned Maintenance]:[Start and Finish Production]]) -> 13.7 | AI62: =(Table110[[#This Row],[Hours Used]]-SUM(Table110[[#This Row],[Planned Maintenance]:[Start and Finish Production]])-SUM(Table110[[#This Row],[Minor Stoppages]:[Material Shortages]])-Table110[[#This Row],[Quality Loss (Hrs)]]-Table110[[#This Row],[Operating Time]])/3 -> 0.21578947 | AJ62: =IFERROR(IF(Table110[[#This Row],[SKU]]="",0,Table110[[#This Row],[Quality Loss (T)]]/(Table110[[#This Row],[SOC (TPD)]]/24)),"") -> 0.77192982 | AK62: =IFERROR(IF(Table110[[#This Row],[SKU]]="",0,Table110[[#This Row],[Volume Delivered (T)]]/(Table110[[#This Row],[SOC (TPD)]]/24)),"") -> 12.280702 | AL62: =IFERROR(Table110[[#This Row],[Operating Time]]/Table110[[#This Row],[PRODUCTION HOURS]],"") -> 0.89640159 | AP62: 0 | AQ62: 0 | AS62: =IFERROR(SUMIFS(#REF!,#REF!,'Shift Wise-Data Sheet'!A:A,#REF!,"Samridhi Perk Line")/SUMIFS(#REF!,#REF!,'Shift Wise-Data Sheet'!A:A,#REF!,"Samridhi Perk Line"),"") | AV62: =IFERROR(VLOOKUP(Table110[[#This Row],[Date]],'Overweight Data'!A60:G1155,6,FALSE),"") | AW62: =IFERROR( IF( OR(Table110[[#This Row],[Operating Time]]=0, (Table110[[#This Row],[Operating Time]]/IF(AD62<=1,AD62+1,AD62))*60=0), 1, ((Table110[[#This Row],[Operating Time]])/IF(AD62<=1,AD62+1,AD62))*60 ), "_") -> 736.84211 | AX62: =COUNTIFS('Downtime Data'!A:A,Table110[[#This Row],[Date]]) -> 0 | AY62: =IFERROR((SUM(Table110[[#This Row],[Minor Stoppages]:[Material Shortages]])/Table110[[#This Row],['# Stops]])*60,"") | BA62: 46079
A63: 46080 | B63: =IF(A63="","",TEXT(A63,"dddddd")) -> Friday | E63: {=IFERROR(INDIRECT(D63),"")} | H63: =IFERROR((Table110[[#This Row],[Plan]]/Table110[[#This Row],[Hours Used]])/(Table110[[#This Row],[SOC (TPD)]]/24),"") | I63: =IFERROR((Table110[[#This Row],[Volume Delivered (T)]]/Table110[[#This Row],[Hours Used]])/(Table110[[#This Row],[SOC (TPD)]]/24),"") | T63: =IF(Table110[[#This Row],[SKU]]="",0,24-Table110[[#This Row],[Legal Non-Operating Time]]-Table110[[#This Row],[No Demand Time]]-Table110[[#This Row],[Force Majeure]]) -> 0 | AB63: =Table110[[#This Row],[Hours Used]]-SUM(Table110[[#This Row],[Planned Maintenance]:[Start and Finish Production]]) -> 0 | AI63: =(Table110[[#This Row],[Hours Used]]-SUM(Table110[[#This Row],[Planned Maintenance]:[Start and Finish Production]])-SUM(Table110[[#This Row],[Minor Stoppages]:[Material Shortages]])-Table110[[#This Row],[Quality Loss (Hrs)]]-Table110[[#This Row],[Operating Time]])/3 -> 0 | AJ63: =IFERROR(IF(Table110[[#This Row],[SKU]]="",0,Table110[[#This Row],[Quality Loss (T)]]/(Table110[[#This Row],[SOC (TPD)]]/24)),"") -> 0 | AK63: =IFERROR(IF(Table110[[#This Row],[SKU]]="",0,Table110[[#This Row],[Volume Delivered (T)]]/(Table110[[#This Row],[SOC (TPD)]]/24)),"") -> 0 | AL63: =IFERROR(Table110[[#This Row],[Operating Time]]/Table110[[#This Row],[PRODUCTION HOURS]],"") | AP63: 0 | AQ63: 0 | AS63: =IFERROR(SUMIFS(#REF!,#REF!,'Shift Wise-Data Sheet'!A:A,#REF!,"Samridhi Perk Line")/SUMIFS(#REF!,#REF!,'Shift Wise-Data Sheet'!A:A,#REF!,"Samridhi Perk Line"),"") | AV63: =IFERROR(VLOOKUP(Table110[[#This Row],[Date]],'Overweight Data'!A61:G1156,6,FALSE),"") | AW63: =IFERROR( IF( OR(Table110[[#This Row],[Operating Time]]=0, (Table110[[#This Row],[Operating Time]]/IF(AD63<=1,AD63+1,AD63))*60=0), 1, ((Table110[[#This Row],[Operating Time]])/IF(AD63<=1,AD63+1,AD63))*60 ), "_") -> 1 | AX63: =COUNTIFS('Downtime Data'!A:A,Table110[[#This Row],[Date]]) -> 0 | AY63: =IFERROR((SUM(Table110[[#This Row],[Minor Stoppages]:[Material Shortages]])/Table110[[#This Row],['# Stops]])*60,"") | BA63: 46079
A64: 46081 | B64: =IF(A64="","",TEXT(A64,"dddddd")) -> Saturday | E64: {=IFERROR(INDIRECT(D64),"")} | H64: =IFERROR((Table110[[#This Row],[Plan]]/Table110[[#This Row],[Hours Used]])/(Table110[[#This Row],[SOC (TPD)]]/24),"") | I64: =IFERROR((Table110[[#This Row],[Volume Delivered (T)]]/Table110[[#This Row],[Hours Used]])/(Table110[[#This Row],[SOC (TPD)]]/24),"") | T64: =IF(Table110[[#This Row],[SKU]]="",0,24-Table110[[#This Row],[Legal Non-Operating Time]]-Table110[[#This Row],[No Demand Time]]-Table110[[#This Row],[Force Majeure]]) -> 0 | AB64: =Table110[[#This Row],[Hours Used]]-SUM(Table110[[#This Row],[Planned Maintenance]:[Start and Finish Production]]) -> 0 | AI64: =(Table110[[#This Row],[Hours Used]]-SUM(Table110[[#This Row],[Planned Maintenance]:[Start and Finish Production]])-SUM(Table110[[#This Row],[Minor Stoppages]:[Material Shortages]])-Table110[[#This Row],[Quality Loss (Hrs)]]-Table110[[#This Row],[Operating Time]])/3 -> 0 | AJ64: =IFERROR(IF(Table110[[#This Row],[SKU]]="",0,Table110[[#This Row],[Quality Loss (T)]]/(Table110[[#This Row],[SOC (TPD)]]/24)),"") -> 0 | AK64: =IFERROR(IF(Table110[[#This Row],[SKU]]="",0,Table110[[#This Row],[Volume Delivered (T)]]/(Table110[[#This Row],[SOC (TPD)]]/24)),"") -> 0 | AL64: =IFERROR(Table110[[#This Row],[Operating Time]]/Table110[[#This Row],[PRODUCTION HOURS]],"") | AP64: 4 | AQ64: 4 | AS64: =IFERROR(SUMIFS(#REF!,#REF!,'Shift Wise-Data Sheet'!A:A,#REF!,"Samridhi Perk Line")/SUMIFS(#REF!,#REF!,'Shift Wise-Data Sheet'!A:A,#REF!,"Samridhi Perk Line"),"") | AV64: =IFERROR(VLOOKUP(Table110[[#This Row],[Date]],'Overweight Data'!A62:G1157,6,FALSE),"") | AW64: =IFERROR( IF( OR(Table110[[#This Row],[Operating Time]]=0, (Table110[[#This Row],[Operating Time]]/IF(AD64<=1,AD64+1,AD64))*60=0), 1, ((Table110[[#This Row],[Operating Time]])/IF(AD64<=1,AD64+1,AD64))*60 ), "_") -> 1 | AX64: =COUNTIFS('Downtime Data'!A:A,Table110[[#This Row],[Date]]) -> 0 | AY64: =IFERROR((SUM(Table110[[#This Row],[Minor Stoppages]:[Material Shortages]])/Table110[[#This Row],['# Stops]])*60,"") | BA64: 46079
A65: 46082 | B65: =IF(A65="","",TEXT(A65,"dddddd")) -> Sunday | E65: {=IFERROR(INDIRECT(D65),"")} | H65: =IFERROR((Table110[[#This Row],[Plan]]/Table110[[#This Row],[Hours Used]])/(Table110[[#This Row],[SOC (TPD)]]/24),"") | I65: =IFERROR((Table110[[#This Row],[Volume Delivered (T)]]/Table110[[#This Row],[Hours Used]])/(Table110[[#This Row],[SOC (TPD)]]/24),"") | N65: 0.039 | T65: =IF(Table110[[#This Row],[SKU]]="",0,24-Table110[[#This Row],[Legal Non-Operating Time]]-Table110[[#This Row],[No Demand Time]]-Table110[[#This Row],[Force Majeure]]) -> 0 | AB65: =Table110[[#This Row],[Hours Used]]-SUM(Table110[[#This Row],[Planned Maintenance]:[Start and Finish Production]]) -> 0 | AI65: =(Table110[[#This Row],[Hours Used]]-SUM(Table110[[#This Row],[Planned Maintenance]:[Start and Finish Production]])-SUM(Table110[[#This Row],[Minor Stoppages]:[Material Shortages]])-Table110[[#This Row],[Quality Loss (Hrs)]]-Table110[[#This Row],[Operating Time]])/3 -> 0 | AJ65: =IFERROR(IF(Table110[[#This Row],[SKU]]="",0,Table110[[#This Row],[Quality Loss (T)]]/(Table110[[#This Row],[SOC (TPD)]]/24)),"") -> 0 | AK65: =IFERROR(IF(Table110[[#This Row],[SKU]]="",0,Table110[[#This Row],[Volume Delivered (T)]]/(Table110[[#This Row],[SOC (TPD)]]/24)),"") -> 0 | AL65: =IFERROR(Table110[[#This Row],[Operating Time]]/Table110[[#This Row],[PRODUCTION HOURS]],"") | AM65: 69 | AN65: YES | AO65: YES | AP65: 0 | AQ65: 0 | AS65: =IFERROR(SUMIFS(#REF!,#REF!,'Shift Wise-Data Sheet'!A:A,#REF!,"Samridhi Perk Line")/SUMIFS(#REF!,#REF!,'Shift Wise-Data Sheet'!A:A,#REF!,"Samridhi Perk Line"),"") | AV65: =IFERROR(VLOOKUP(Table110[[#This Row],[Date]],'Overweight Data'!A63:G1158,6,FALSE),"") | AW65: =IFERROR( IF( OR(Table110[[#This Row],[Operating Time]]=0, (Table110[[#This Row],[Operating Time]]/IF(AD65<=1,AD65+1,AD65))*60=0), 1, ((Table110[[#This Row],[Operating Time]])/IF(AD65<=1,AD65+1,AD65))*60 ), "_") -> 1 | AX65: =COUNTIFS('Downtime Data'!A:A,Table110[[#This Row],[Date]]) -> 0 | AY65: =IFERROR((SUM(Table110[[#This Row],[Minor Stoppages]:[Material Shortages]])/Table110[[#This Row],['# Stops]])*60,"") | BA65: 46079
A66: 46083 | B66: =IF(A66="","",TEXT(A66,"dddddd")) -> Monday | D66: _10.3GM_HT | E66: {=IFERROR(INDIRECT(D66),"")} -> 34.2 | F66: 4 | G66: 4.396 | H66: =IFERROR((Table110[[#This Row],[Plan]]/Table110[[#This Row],[Hours Used]])/(Table110[[#This Row],[SOC (TPD)]]/24),"") -> 0.70175439 | I66: =IFERROR((Table110[[#This Row],[Volume Delivered (T)]]/Table110[[#This Row],[Hours Used]])/(Table110[[#This Row],[SOC (TPD)]]/24),"") -> 0.77122807 | K66: 20 | N66: 0.039 | O66: 10 | T66: =IF(Table110[[#This Row],[SKU]]="",0,24-Table110[[#This Row],[Legal Non-Operating Time]]-Table110[[#This Row],[No Demand Time]]-Table110[[#This Row],[Force Majeure]]) -> 4 | AB66: =Table110[[#This Row],[Hours Used]]-SUM(Table110[[#This Row],[Planned Maintenance]:[Start and Finish Production]]) -> 4 | AI66: =(Table110[[#This Row],[Hours Used]]-SUM(Table110[[#This Row],[Planned Maintenance]:[Start and Finish Production]])-SUM(Table110[[#This Row],[Minor Stoppages]:[Material Shortages]])-Table110[[#This Row],[Quality Loss (Hrs)]]-Table110[[#This Row],[Operating Time]])/3 -> 0.30502924 | AJ66: =IFERROR(IF(Table110[[#This Row],[SKU]]="",0,Table110[[#This Row],[Quality Loss (T)]]/(Table110[[#This Row],[SOC (TPD)]]/24)),"") -> 0 | AK66: =IFERROR(IF(Table110[[#This Row],[SKU]]="",0,Table110[[#This Row],[Volume Delivered (T)]]/(Table110[[#This Row],[SOC (TPD)]]/24)),"") -> 3.0849123 | AL66: =IFERROR(Table110[[#This Row],[Operating Time]]/Table110[[#This Row],[PRODUCTION HOURS]],"") -> 0.77122807 | AM66: 45 | AN66: YES | AO66: YES | AP66: 0 | AQ66: 0 | AS66: =IFERROR(SUMIFS(#REF!,#REF!,'Shift Wise-Data Sheet'!A:A,#REF!,"Samridhi Perk Line")/SUMIFS(#REF!,#REF!,'Shift Wise-Data Sheet'!A:A,#REF!,"Samridhi Perk Line"),"") | AV66: =IFERROR(VLOOKUP(Table110[[#This Row],[Date]],'Overweight Data'!A64:G1159,6,FALSE),"") | AW66: =IFERROR( IF( OR(Table110[[#This Row],[Operating Time]]=0, (Table110[[#This Row],[Operating Time]]/IF(AD66<=1,AD66+1,AD66))*60=0), 1, ((Table110[[#This Row],[Operating Time]])/IF(AD66<=1,AD66+1,AD66))*60 ), "_") -> 185.09474 | AX66: =COUNTIFS('Downtime Data'!A:A,Table110[[#This Row],[Date]]) -> 0 | AY66: =IFERROR((SUM(Table110[[#This Row],[Minor Stoppages]:[Material Shortages]])/Table110[[#This Row],['# Stops]])*60,"") | BA66: 46107
A67: 46084 | B67: =IF(A67="","",TEXT(A67,"dddddd")) -> Tuesday | D67: _10.3GM_HT | E67: {=IFERROR(INDIRECT(D67),"")} -> 34.2 | F67: 28.6 | G67: =28.6-4.4 -> 24.2 | H67: =IFERROR((Table110[[#This Row],[Plan]]/Table110[[#This Row],[Hours Used]])/(Table110[[#This Row],[SOC (TPD)]]/24),"") -> 0.83625731 | I67: =IFERROR((Table110[[#This Row],[Volume Delivered (T)]]/Table110[[#This Row],[Hours Used]])/(Table110[[#This Row],[SOC (TPD)]]/24),"") -> 0.70760234 | N67: 0.039 | O67: 5 | Q67: 4.5 | T67: =IF(Table110[[#This Row],[SKU]]="",0,24-Table110[[#This Row],[Legal Non-Operating Time]]-Table110[[#This Row],[No Demand Time]]-Table110[[#This Row],[Force Majeure]]) -> 24 | AA67: 4 | AB67: =Table110[[#This Row],[Hours Used]]-SUM(Table110[[#This Row],[Planned Maintenance]:[Start and Finish Production]]) -> 20 | AI67: =(Table110[[#This Row],[Hours Used]]-SUM(Table110[[#This Row],[Planned Maintenance]:[Start and Finish Production]])-SUM(Table110[[#This Row],[Minor Stoppages]:[Material Shortages]])-Table110[[#This Row],[Quality Loss (Hrs)]]-Table110[[#This Row],[Operating Time]])/3 -> 1.005848 | AJ67: =IFERROR(IF(Table110[[#This Row],[SKU]]="",0,Table110[[#This Row],[Quality Loss (T)]]/(Table110[[#This Row],[SOC (TPD)]]/24)),"") -> 0 | AK67: =IFERROR(IF(Table110[[#This Row],[SKU]]="",0,Table110[[#This Row],[Volume Delivered (T)]]/(Table110[[#This Row],[SOC (TPD)]]/24)),"") -> 16.982456 | AL67: =IFERROR(Table110[[#This Row],[Operating Time]]/Table110[[#This Row],[PRODUCTION HOURS]],"") -> 0.84912281 | AM67: 85 | AN67: YES | AO67: YES | AP67: 14 | AQ67: 12 | AR67: 12 | AS67: =IFERROR(SUMIFS(#REF!,#REF!,'Shift Wise-Data Sheet'!A:A,#REF!,"Samridhi Perk Line")/SUMIFS(#REF!,#REF!,'Shift Wise-Data Sheet'!A:A,#REF!,"Samridhi Perk Line"),"") | AV67: =IFERROR(VLOOKUP(Table110[[#This Row],[Date]],'Overweight Data'!A65:G1160,6,FALSE),"") | AW67: =IFERROR( IF( OR(Table110[[#This Row],[Operating Time]]=0, (Table110[[#This Row],[Operating Time]]/IF(AD67<=1,AD67+1,AD67))*60=0), 1, ((Table110[[#This Row],[Operating Time]])/IF(AD67<=1,AD67+1,AD67))*60 ), "_") -> 1018.9474 | AX67: =COUNTIFS('Downtime Data'!A:A,Table110[[#This Row],[Date]]) -> 0 | AY67: =IFERROR((SUM(Table110[[#This Row],[Minor Stoppages]:[Material Shortages]])/Table110[[#This Row],['# Stops]])*60,"") | BA67: 46107
A68: 46085 | B68: =IF(A68="","",TEXT(A68,"dddddd")) -> Wednesday | N68: 0.039 | T68: =IF(Table110[[#This Row],[SKU]]="",0,24-Table110[[#This Row],[Legal Non-Operating Time]]-Table110[[#This Row],[No Demand Time]]-Table110[[#This Row],[Force Majeure]]) -> 0 | AB68: =Table110[[#This Row],[Hours Used]]-SUM(Table110[[#This Row],[Planned Maintenance]:[Start and Finish Production]]) -> 0 | AI68: =(Table110[[#This Row],[Hours Used]]-SUM(Table110[[#This Row],[Planned Maintenance]:[Start and Finish Production]])-SUM(Table110[[#This Row],[Minor Stoppages]:[Material Shortages]])-Table110[[#This Row],[Quality Loss (Hrs)]]-Table110[[#This Row],[Operating Time]])/3 -> 0 | AJ68: =IFERROR(IF(Table110[[#This Row],[SKU]]="",0,Table110[[#This Row],[Quality Loss (T)]]/(Table110[[#This Row],[SOC (TPD)]]/24)),"") -> 0 | AK68: =IFERROR(IF(Table110[[#This Row],[SKU]]="",0,Table110[[#This Row],[Volume Delivered (T)]]/(Table110[[#This Row],[SOC (TPD)]]/24)),"") -> 0 | AL68: =IFERROR(Table110[[#This Row],[Operating Time]]/Table110[[#This Row],[PRODUCTION HOURS]],"") | AM68: 0 | AP68: 0 | AQ68: 0 | AS68: =IFERROR(SUMIFS(#REF!,#REF!,'Shift Wise-Data Sheet'!A:A,#REF!,"Samridhi Perk Line")/SUMIFS(#REF!,#REF!,'Shift Wise-Data Sheet'!A:A,#REF!,"Samridhi Perk Line"),"") | AV68: =IFERROR(VLOOKUP(Table110[[#This Row],[Date]],'Overweight Data'!A66:G1161,6,FALSE),"") | AW68: =IFERROR( IF( OR(Table110[[#This Row],[Operating Time]]=0, (Table110[[#This Row],[Operating Time]]/IF(AD68<=1,AD68+1,AD68))*60=0), 1, ((Table110[[#This Row],[Operating Time]])/IF(AD68<=1,AD68+1,AD68))*60 ), "_") -> 1 | AX68: =COUNTIFS('Downtime Data'!A:A,Table110[[#This Row],[Date]]) -> 0 | AY68: =IFERROR((SUM(Table110[[#This Row],[Minor Stoppages]:[Material Shortages]])/Table110[[#This Row],['# Stops]])*60,"") | BA68: 46107
A69: 46086 | B69: =IF(A69="","",TEXT(A69,"dddddd")) -> Thursday | D69: _10.3GM | E69: {=IFERROR(INDIRECT(D69),"")} -> 39.2 | F69: 27.1 | G69: 27.1 | H69: =IFERROR((Table110[[#This Row],[Plan]]/Table110[[#This Row],[Hours Used]])/(Table110[[#This Row],[SOC (TPD)]]/24),"") -> 0.69132653 | I69: =IFERROR((Table110[[#This Row],[Volume Delivered (T)]]/Table110[[#This Row],[Hours Used]])/(Table110[[#This Row],[SOC (TPD)]]/24),"") -> 0.69132653 | M69: 1 | N69: 0.039 | T69: =IF(Table110[[#This Row],[SKU]]="",0,24-Table110[[#This Row],[Legal Non-Operating Time]]-Table110[[#This Row],[No Demand Time]]-Table110[[#This Row],[Force Majeure]]) -> 24 | W69: 2 | AA69: 4 | AB69: =Table110[[#This Row],[Hours Used]]-SUM(Table110[[#This Row],[Planned Maintenance]:[Start and Finish Production]]) -> 18 | AG69: 0.6 | AI69: =(Table110[[#This Row],[Hours Used]]-SUM(Table110[[#This Row],[Planned Maintenance]:[Start and Finish Production]])-SUM(Table110[[#This Row],[Minor Stoppages]:[Material Shortages]])-Table110[[#This Row],[Quality Loss (Hrs)]]-Table110[[#This Row],[Operating Time]])/3 -> 0.065306122 | AJ69: =IFERROR(IF(Table110[[#This Row],[SKU]]="",0,Table110[[#This Row],[Quality Loss (T)]]/(Table110[[#This Row],[SOC (TPD)]]/24)),"") -> 0.6122449 | AK69: =IFERROR(IF(Table110[[#This Row],[SKU]]="",0,Table110[[#This Row],[Volume Delivered (T)]]/(Table110[[#This Row],[SOC (TPD)]]/24)),"") -> 16.591837 | AL69: =IFERROR(Table110[[#This Row],[Operating Time]]/Table110[[#This Row],[PRODUCTION HOURS]],"") -> 0.92176871 | AM69: 79 | AN69: YES | AO69: YES | AP69: 0 | AQ69: 0 | AS69: =IFERROR(SUMIFS(#REF!,#REF!,'Shift Wise-Data Sheet'!A:A,#REF!,"Samridhi Perk Line")/SUMIFS(#REF!,#REF!,'Shift Wise-Data Sheet'!A:A,#REF!,"Samridhi Perk Line"),"") | AV69: =IFERROR(VLOOKUP(Table110[[#This Row],[Date]],'Overweight Data'!A67:G1162,6,FALSE),"") -> 0.018107735 | AW69: =IFERROR( IF( OR(Table110[[#This Row],[Operating Time]]=0, (Table110[[#This Row],[Operating Time]]/IF(AD69<=1,AD69+1,AD69))*60=0), 1, ((Table110[[#This Row],[Operating Time]])/IF(AD69<=1,AD69+1,AD69))*60 ), "_") -> 995.5102 | AX69: =COUNTIFS('Downtime Data'!A:A,Table110[[#This Row],[Date]]) -> 1 | AY69: =IFERROR((SUM(Table110[[#This Row],[Minor Stoppages]:[Material Shortages]])/Table110[[#This Row],['# Stops]])*60,"") -> 36 | BA69: 46107
A70: 46087 | B70: =IF(A70="","",TEXT(A70,"dddddd")) -> Friday | D70: _10.3GM | E70: {=IFERROR(INDIRECT(D70),"")} -> 39.2 | F70: 30.52096 | G70: 30.52096 | H70: =IFERROR((Table110[[#This Row],[Plan]]/Table110[[#This Row],[Hours Used]])/(Table110[[#This Row],[SOC (TPD)]]/24),"") -> 0.77859592 | I70: =IFERROR((Table110[[#This Row],[Volume Delivered (T)]]/Table110[[#This Row],[Hours Used]])/(Table110[[#This Row],[SOC (TPD)]]/24),"") -> 0.77859592 | M70: =0.4+1.34+0.18+0.33-0.28-0.65 -> 1.32 | N70: 0.039 | T70: =IF(Table110[[#This Row],[SKU]]="",0,24-Table110[[#This Row],[Legal Non-Operating Time]]-Table110[[#This Row],[No Demand Time]]-Table110[[#This Row],[Force Majeure]]) -> 24 | U70: 1 | V70: 1 | AB70: =Table110[[#This Row],[Hours Used]]-SUM(Table110[[#This Row],[Planned Maintenance]:[Start and Finish Production]]) -> 22 | AD70: 2 | AI70: =(Table110[[#This Row],[Hours Used]]-SUM(Table110[[#This Row],[Planned Maintenance]:[Start and Finish Production]])-SUM(Table110[[#This Row],[Minor Stoppages]:[Material Shortages]])-Table110[[#This Row],[Quality Loss (Hrs)]]-Table110[[#This Row],[Operating Time]])/3 -> 0.16851156 | AJ70: =IFERROR(IF(Table110[[#This Row],[SKU]]="",0,Table110[[#This Row],[Quality Loss (T)]]/(Table110[[#This Row],[SOC (TPD)]]/24)),"") -> 0.80816327 | AK70: =IFERROR(IF(Table110[[#This Row],[SKU]]="",0,Table110[[#This Row],[Volume Delivered (T)]]/(Table110[[#This Row],[SOC (TPD)]]/24)),"") -> 18.686302 | AL70: =IFERROR(Table110[[#This Row],[Operating Time]]/Table110[[#This Row],[PRODUCTION HOURS]],"") -> 0.84937737 | AM70: 83 | AN70: YES | AO70: YES | AP70: 0 | AQ70: 0 | AS70: =IFERROR(SUMIFS(#REF!,#REF!,'Shift Wise-Data Sheet'!A:A,#REF!,"Samridhi Perk Line")/SUMIFS(#REF!,#REF!,'Shift Wise-Data Sheet'!A:A,#REF!,"Samridhi Perk Line"),"") | AT70: 8 | AV70: =IFERROR(VLOOKUP(Table110[[#This Row],[Date]],'Overweight Data'!A68:G1163,6,FALSE),"") -> 0.022338858 | AW70: =IFERROR( IF( OR(Table110[[#This Row],[Operating Time]]=0, (Table110[[#This Row],[Operating Time]]/IF(AD70<=1,AD70+1,AD70))*60=0), 1, ((Table110[[#This Row],[Operating Time]])/IF(AD70<=1,AD70+1,AD70))*60 ), "_") -> 560.58906 | AX70: =COUNTIFS('Downtime Data'!A:A,Table110[[#This Row],[Date]]) -> 1 | AY70: =IFERROR((SUM(Table110[[#This Row],[Minor Stoppages]:[Material Shortages]])/Table110[[#This Row],['# Stops]])*60,"") -> 120 | BA70: 46107
A71: 46088 | B71: =IF(A71="","",TEXT(A71,"dddddd")) -> Saturday | D71: _10.3GM | E71: {=IFERROR(INDIRECT(D71),"")} -> 39.2 | F71: 31.857418 | G71: 31.857418 | H71: =IFERROR((Table110[[#This Row],[Plan]]/Table110[[#This Row],[Hours Used]])/(Table110[[#This Row],[SOC (TPD)]]/24),"") -> 0.81268923 | I71: =IFERROR((Table110[[#This Row],[Volume Delivered (T)]]/Table110[[#This Row],[Hours Used]])/(Table110[[#This Row],[SOC (TPD)]]/24),"") -> 0.81268923 | M71: 1.4 | N71: 0.039 | T71: =IF(Table110[[#This Row],[SKU]]="",0,24-Table110[[#This Row],[Legal Non-Operating Time]]-Table110[[#This Row],[No Demand Time]]-Table110[[#This Row],[Force Majeure]]) -> 24 | U71: 0.5 | V71: 1 | X71: 1 | AB71: =Table110[[#This Row],[Hours Used]]-SUM(Table110[[#This Row],[Planned Maintenance]:[Start and Finish Production]]) -> 21.5 | AD71: 0.95 | AI71: =(Table110[[#This Row],[Hours Used]]-SUM(Table110[[#This Row],[Planned Maintenance]:[Start and Finish Production]])-SUM(Table110[[#This Row],[Minor Stoppages]:[Material Shortages]])-Table110[[#This Row],[Quality Loss (Hrs)]]-Table110[[#This Row],[Operating Time]])/3 -> 0.062771837 | AJ71: =IFERROR(IF(Table110[[#This Row],[SKU]]="",0,Table110[[#This Row],[Quality Loss (T)]]/(Table110[[#This Row],[SOC (TPD)]]/24)),"") -> 0.85714286 | AK71: =IFERROR(IF(Table110[[#This Row],[SKU]]="",0,Table110[[#This Row],[Volume Delivered (T)]]/(Table110[[#This Row],[SOC (TPD)]]/24)),"") -> 19.504542 | AL71: =IFERROR(Table110[[#This Row],[Operating Time]]/Table110[[#This Row],[PRODUCTION HOURS]],"") -> 0.90718798 | AM71: 81 | AN71: YES | AO71: YES | AP71: 0 | AQ71: 0 | AS71: =IFERROR(SUMIFS(#REF!,#REF!,'Shift Wise-Data Sheet'!A:A,#REF!,"Samridhi Perk Line")/SUMIFS(#REF!,#REF!,'Shift Wise-Data Sheet'!A:A,#REF!,"Samridhi Perk Line"),"") | AT71: 2 | AV71: =IFERROR(VLOOKUP(Table110[[#This Row],[Date]],'Overweight Data'!A69:G1164,6,FALSE),"") -> 0.032680653 | AW71: =IFERROR( IF( OR(Table110[[#This Row],[Operating Time]]=0, (Table110[[#This Row],[Operating Time]]/IF(AD71<=1,AD71+1,AD71))*60=0), 1, ((Table110[[#This Row],[Operating Time]])/IF(AD71<=1,AD71+1,AD71))*60 ), "_") -> 600.13974 | AX71: =COUNTIFS('Downtime Data'!A:A,Table110[[#This Row],[Date]]) -> 1 | AY71: =IFERROR((SUM(Table110[[#This Row],[Minor Stoppages]:[Material Shortages]])/Table110[[#This Row],['# Stops]])*60,"") -> 57 | BA71: 46107
A72: 46089 | B72: =IF(A72="","",TEXT(A72,"dddddd")) -> Sunday | D72: _10.3GM | E72: {=IFERROR(INDIRECT(D72),"")} -> 39.2 | F72: 31.326063 | G72: 31.326063 | H72: =IFERROR((Table110[[#This Row],[Plan]]/Table110[[#This Row],[Hours Used]])/(Table110[[#This Row],[SOC (TPD)]]/24),"") -> 0.79913426 | I72: =IFERROR((Table110[[#This Row],[Volume Delivered (T)]]/Table110[[#This Row],[Hours Used]])/(Table110[[#This Row],[SOC (TPD)]]/24),"") -> 0.79913426 | M72: 1.5 | N72: 0.039 | T72: =IF(Table110[[#This Row],[SKU]]="",0,24-Table110[[#This Row],[Legal Non-Operating Time]]-Table110[[#This Row],[No Demand Time]]-Table110[[#This Row],[Force Majeure]]) -> 24 | AB72: =Table110[[#This Row],[Hours Used]]-SUM(Table110[[#This Row],[Planned Maintenance]:[Start and Finish Production]]) -> 24 | AD72: 1.5 | AE72: 1.5 | AI72: =(Table110[[#This Row],[Hours Used]]-SUM(Table110[[#This Row],[Planned Maintenance]:[Start and Finish Production]])-SUM(Table110[[#This Row],[Minor Stoppages]:[Material Shortages]])-Table110[[#This Row],[Quality Loss (Hrs)]]-Table110[[#This Row],[Operating Time]])/3 -> 0.30080347 | AJ72: =IFERROR(IF(Table110[[#This Row],[SKU]]="",0,Table110[[#This Row],[Quality Loss (T)]]/(Table110[[#This Row],[SOC (TPD)]]/24)),"") -> 0.91836735 | AK72: =IFERROR(IF(Table110[[#This Row],[SKU]]="",0,Table110[[#This Row],[Volume Delivered (T)]]/(Table110[[#This Row],[SOC (TPD)]]/24)),"") -> 19.179222 | AL72: =IFERROR(Table110[[#This Row],[Operating Time]]/Table110[[#This Row],[PRODUCTION HOURS]],"") -> 0.79913426 | AM72: 88 | AN72: YES | AO72: YES | AP72: 0 | AQ72: 0 | AS72: =IFERROR(SUMIFS(#REF!,#REF!,'Shift Wise-Data Sheet'!A:A,#REF!,"Samridhi Perk Line")/SUMIFS(#REF!,#REF!,'Shift Wise-Data Sheet'!A:A,#REF!,"Samridhi Perk Line"),"") | AV72: =IFERROR(VLOOKUP(Table110[[#This Row],[Date]],'Overweight Data'!A70:G1165,6,FALSE),"") -> 0.021620047 | AW72: =IFERROR( IF( OR(Table110[[#This Row],[Operating Time]]=0, (Table110[[#This Row],[Operating Time]]/IF(AD72<=1,AD72+1,AD72))*60=0), 1, ((Table110[[#This Row],[Operating Time]])/IF(AD72<=1,AD72+1,AD72))*60 ), "_") -> 767.16889 | AX72: =COUNTIFS('Downtime Data'!A:A,Table110[[#This Row],[Date]]) -> 2 | AY72: =IFERROR((SUM(Table110[[#This Row],[Minor Stoppages]:[Material Shortages]])/Table110[[#This Row],['# Stops]])*60,"") -> 90 | BA72: 46107
A73: 46090 | B73: =IF(A73="","",TEXT(A73,"dddddd")) -> Monday | D73: _10.3GM | E73: {=IFERROR(INDIRECT(D73),"")} -> 39.2 | F73: 25.385525 | G73: 25.385525 | H73: =IFERROR((Table110[[#This Row],[Plan]]/Table110[[#This Row],[Hours Used]])/(Table110[[#This Row],[SOC (TPD)]]/24),"") -> 0.64758992 | I73: =IFERROR((Table110[[#This Row],[Volume Delivered (T)]]/Table110[[#This Row],[Hours Used]])/(Table110[[#This Row],[SOC (TPD)]]/24),"") -> 0.64758992 | M73: 1.4 | N73: 0.039 | T73: =IF(Table110[[#This Row],[SKU]]="",0,24-Table110[[#This Row],[Legal Non-Operating Time]]-Table110[[#This Row],[No Demand Time]]-Table110[[#This Row],[Force Majeure]]) -> 24 | U73: 0.5 | V73: 1 | X73: 3 | AB73: =Table110[[#This Row],[Hours Used]]-SUM(Table110[[#This Row],[Planned Maintenance]:[Start and Finish Production]]) -> 19.5 | AC73: 0.5 | AD73: =70/60 -> 1.1666667 | AE73: 0.5 | AI73: =(Table110[[#This Row],[Hours Used]]-SUM(Table110[[#This Row],[Planned Maintenance]:[Start and Finish Production]])-SUM(Table110[[#This Row],[Minor Stoppages]:[Material Shortages]])-Table110[[#This Row],[Quality Loss (Hrs)]]-Table110[[#This Row],[Operating Time]])/3 -> 0.3113441 | AJ73: =IFERROR(IF(Table110[[#This Row],[SKU]]="",0,Table110[[#This Row],[Quality Loss (T)]]/(Table110[[#This Row],[SOC (TPD)]]/24)),"") -> 0.85714286 | AK73: =IFERROR(IF(Table110[[#This Row],[SKU]]="",0,Table110[[#This Row],[Volume Delivered (T)]]/(Table110[[#This Row],[SOC (TPD)]]/24)),"") -> 15.542158 | AL73: =IFERROR(Table110[[#This Row],[Operating Time]]/Table110[[#This Row],[PRODUCTION HOURS]],"") -> 0.79703375 | AM73: 76 | AN73: YES | AO73: YES | AP73: 0 | AQ73: 0 | AS73: =IFERROR(SUMIFS(#REF!,#REF!,'Shift Wise-Data Sheet'!A:A,#REF!,"Samridhi Perk Line")/SUMIFS(#REF!,#REF!,'Shift Wise-Data Sheet'!A:A,#REF!,"Samridhi Perk Line"),"") | AV73: =IFERROR(VLOOKUP(Table110[[#This Row],[Date]],'Overweight Data'!A71:G1166,6,FALSE),"") -> 0.01548951 | AW73: =IFERROR( IF( OR(Table110[[#This Row],[Operating Time]]=0, (Table110[[#This Row],[Operating Time]]/IF(AD73<=1,AD73+1,AD73))*60=0), 1, ((Table110[[#This Row],[Operating Time]])/IF(AD73<=1,AD73+1,AD73))*60 ), "_") -> 799.31099 | AX73: =COUNTIFS('Downtime Data'!A:A,Table110[[#This Row],[Date]]) -> 2 | AY73: =IFERROR((SUM(Table110[[#This Row],[Minor Stoppages]:[Material Shortages]])/Table110[[#This Row],['# Stops]])*60,"") -> 65 | BA73: 46107
A74: 46091 | B74: =IF(A74="","",TEXT(A74,"dddddd")) -> Tuesday | D74: _10.3GM | E74: {=IFERROR(INDIRECT(D74),"")} -> 39.2 | F74: 31.262485 | G74: 31.262485 | H74: =IFERROR((Table110[[#This Row],[Plan]]/Table110[[#This Row],[Hours Used]])/(Table110[[#This Row],[SOC (TPD)]]/24),"") -> 0.79751237 | I74: =IFERROR((Table110[[#This Row],[Volume Delivered (T)]]/Table110[[#This Row],[Hours Used]])/(Table110[[#This Row],[SOC (TPD)]]/24),"") -> 0.79751237 | M74: 1.3 | N74: 0.039 | T74: =IF(Table110[[#This Row],[SKU]]="",0,24-Table110[[#This Row],[Legal Non-Operating Time]]-Table110[[#This Row],[No Demand Time]]-Table110[[#This Row],[Force Majeure]]) -> 24 | U74: 0.5 | AB74: =Table110[[#This Row],[Hours Used]]-SUM(Table110[[#This Row],[Planned Maintenance]:[Start and Finish Production]]) -> 23.5 | AD74: 2 | AI74: =(Table110[[#This Row],[Hours Used]]-SUM(Table110[[#This Row],[Planned Maintenance]:[Start and Finish Production]])-SUM(Table110[[#This Row],[Minor Stoppages]:[Material Shortages]])-Table110[[#This Row],[Quality Loss (Hrs)]]-Table110[[#This Row],[Operating Time]])/3 -> 0.52126156 | AJ74: =IFERROR(IF(Table110[[#This Row],[SKU]]="",0,Table110[[#This Row],[Quality Loss (T)]]/(Table110[[#This Row],[SOC (TPD)]]/24)),"") -> 0.79591837 | AK74: =IFERROR(IF(Table110[[#This Row],[SKU]]="",0,Table110[[#This Row],[Volume Delivered (T)]]/(Table110[[#This Row],[SOC (TPD)]]/24)),"") -> 19.140297 | AL74: =IFERROR(Table110[[#This Row],[Operating Time]]/Table110[[#This Row],[PRODUCTION HOURS]],"") -> 0.81448072 | AM74: 87 | AN74: YES | AO74: YES | AP74: 0 | AQ74: 0 | AS74: =IFERROR(SUMIFS(#REF!,#REF!,'Shift Wise-Data Sheet'!A:A,#REF!,"Samridhi Perk Line")/SUMIFS(#REF!,#REF!,'Shift Wise-Data Sheet'!A:A,#REF!,"Samridhi Perk Line"),"") | AV74: =IFERROR(VLOOKUP(Table110[[#This Row],[Date]],'Overweight Data'!A72:G1167,6,FALSE),"") -> 0.023839779 | AW74: =IFERROR( IF( OR(Table110[[#This Row],[Operating Time]]=0, (Table110[[#This Row],[Operating Time]]/IF(AD74<=1,AD74+1,AD74))*60=0), 1, ((Table110[[#This Row],[Operating Time]])/IF(AD74<=1,AD74+1,AD74))*60 ), "_") -> 574.20891 | AX74: =COUNTIFS('Downtime Data'!A:A,Table110[[#This Row],[Date]]) -> 1 | AY74: =IFERROR((SUM(Table110[[#This Row],[Minor Stoppages]:[Material Shortages]])/Table110[[#This Row],['# Stops]])*60,"") -> 120 | BA74: 46107
A75: 46092 | B75: =IF(A75="","",TEXT(A75,"dddddd")) -> Wednesday | D75: _10.3GM | E75: {=IFERROR(INDIRECT(D75),"")} -> 39.2 | F75: 33.093372 | G75: 33.093372 | H75: =IFERROR((Table110[[#This Row],[Plan]]/Table110[[#This Row],[Hours Used]])/(Table110[[#This Row],[SOC (TPD)]]/24),"") -> 0.84421867 | I75: =IFERROR((Table110[[#This Row],[Volume Delivered (T)]]/Table110[[#This Row],[Hours Used]])/(Table110[[#This Row],[SOC (TPD)]]/24),"") -> 0.84421867 | M75: 1.3 | N75: 0.039 | T75: =IF(Table110[[#This Row],[SKU]]="",0,24-Table110[[#This Row],[Legal Non-Operating Time]]-Table110[[#This Row],[No Demand Time]]-Table110[[#This Row],[Force Majeure]]) -> 24 | AB75: =Table110[[#This Row],[Hours Used]]-SUM(Table110[[#This Row],[Planned Maintenance]:[Start and Finish Production]]) -> 24 | AC75: 1 | AE75: 1.5 | AI75: =(Table110[[#This Row],[Hours Used]]-SUM(Table110[[#This Row],[Planned Maintenance]:[Start and Finish Production]])-SUM(Table110[[#This Row],[Minor Stoppages]:[Material Shortages]])-Table110[[#This Row],[Quality Loss (Hrs)]]-Table110[[#This Row],[Operating Time]])/3 -> 0.14761116 | AJ75: =IFERROR(IF(Table110[[#This Row],[SKU]]="",0,Table110[[#This Row],[Quality Loss (T)]]/(Table110[[#This Row],[SOC (TPD)]]/24)),"") -> 0.79591837 | AK75: =IFERROR(IF(Table110[[#This Row],[SKU]]="",0,Table110[[#This Row],[Volume Delivered (T)]]/(Table110[[#This Row],[SOC (TPD)]]/24)),"") -> 20.261248 | AL75: =IFERROR(Table110[[#This Row],[Operating Time]]/Table110[[#This Row],[PRODUCTION HOURS]],"") -> 0.84421867 | AM75: 92 | AN75: YES | AO75: YES | AP75: 0 | AQ75: 0 | AS75: =IFERROR(SUMIFS(#REF!,#REF!,'Shift Wise-Data Sheet'!A:A,#REF!,"Samridhi Perk Line")/SUMIFS(#REF!,#REF!,'Shift Wise-Data Sheet'!A:A,#REF!,"Samridhi Perk Line"),"") | AV75: =IFERROR(VLOOKUP(Table110[[#This Row],[Date]],'Overweight Data'!A73:G1168,6,FALSE),"") -> 0.023941068 | AW75: =IFERROR( IF( OR(Table110[[#This Row],[Operating Time]]=0, (Table110[[#This Row],[Operating Time]]/IF(AD75<=1,AD75+1,AD75))*60=0), 1, ((Table110[[#This Row],[Operating Time]])/IF(AD75<=1,AD75+1,AD75))*60 ), "_") -> 1215.6749 | AX75: =COUNTIFS('Downtime Data'!A:A,Table110[[#This Row],[Date]]) -> 0 | AY75: =IFERROR((SUM(Table110[[#This Row],[Minor Stoppages]:[Material Shortages]])/Table110[[#This Row],['# Stops]])*60,"") | BA75: 46107
A76: 46093 | B76: =IF(A76="","",TEXT(A76,"dddddd")) -> Thursday | D76: _10.3GM | E76: {=IFERROR(INDIRECT(D76),"")} -> 39.2 | F76: 32.4 | G76: 32.4 | H76: =IFERROR((Table110[[#This Row],[Plan]]/Table110[[#This Row],[Hours Used]])/(Table110[[#This Row],[SOC (TPD)]]/24),"") -> 0.82653061 | I76: =IFERROR((Table110[[#This Row],[Volume Delivered (T)]]/Table110[[#This Row],[Hours Used]])/(Table110[[#This Row],[SOC (TPD)]]/24),"") -> 0.82653061 | M76: 1.35 | N76: 0.039 | T76: =IF(Table110[[#This Row],[SKU]]="",0,24-Table110[[#This Row],[Legal Non-Operating Time]]-Table110[[#This Row],[No Demand Time]]-Table110[[#This Row],[Force Majeure]]) -> 24 | AB76: =Table110[[#This Row],[Hours Used]]-SUM(Table110[[#This Row],[Planned Maintenance]:[Start and Finish Production]]) -> 24 | AI76: =(Table110[[#This Row],[Hours Used]]-SUM(Table110[[#This Row],[Planned Maintenance]:[Start and Finish Production]])-SUM(Table110[[#This Row],[Minor Stoppages]:[Material Shortages]])-Table110[[#This Row],[Quality Loss (Hrs)]]-Table110[[#This Row],[Operating Time]])/3 -> 1.1122449 | AJ76: =IFERROR(IF(Table110[[#This Row],[SKU]]="",0,Table110[[#This Row],[Quality Loss (T)]]/(Table110[[#This Row],[SOC (TPD)]]/24)),"") -> 0.82653061 | AK76: =IFERROR(IF(Table110[[#This Row],[SKU]]="",0,Table110[[#This Row],[Volume Delivered (T)]]/(Table110[[#This Row],[SOC (TPD)]]/24)),"") -> 19.836735 | AL76: =IFERROR(Table110[[#This Row],[Operating Time]]/Table110[[#This Row],[PRODUCTION HOURS]],"") -> 0.82653061 | AM76: 74 | AN76: YES | AO76: YES | AP76: 1 | AQ76: 0 | AS76: =IFERROR(SUMIFS(#REF!,#REF!,'Shift Wise-Data Sheet'!A:A,#REF!,"Samridhi Perk Line")/SUMIFS(#REF!,#REF!,'Shift Wise-Data Sheet'!A:A,#REF!,"Samridhi Perk Line"),"") | AV76: =IFERROR(VLOOKUP(Table110[[#This Row],[Date]],'Overweight Data'!A74:G1169,6,FALSE),"") -> 0.036878453 | AW76: =IFERROR( IF( OR(Table110[[#This Row],[Operating Time]]=0, (Table110[[#This Row],[Operating Time]]/IF(AD76<=1,AD76+1,AD76))*60=0), 1, ((Table110[[#This Row],[Operating Time]])/IF(AD76<=1,AD76+1,AD76))*60 ), "_") -> 1190.2041 | AX76: =COUNTIFS('Downtime Data'!A:A,Table110[[#This Row],[Date]]) -> 0 | AY76: =IFERROR((SUM(Table110[[#This Row],[Minor Stoppages]:[Material Shortages]])/Table110[[#This Row],['# Stops]])*60,"") | AZ76: 5 | BA76: 46107
A77: 46094 | B77: =IF(A77="","",TEXT(A77,"dddddd")) -> Friday | D77: _10.3GM | E77: {=IFERROR(INDIRECT(D77),"")} -> 39.2 | F77: 30.991464 | G77: 30.991464 | H77: =IFERROR((Table110[[#This Row],[Plan]]/Table110[[#This Row],[Hours Used]])/(Table110[[#This Row],[SOC (TPD)]]/24),"") -> 0.79059857 | I77: =IFERROR((Table110[[#This Row],[Volume Delivered (T)]]/Table110[[#This Row],[Hours Used]])/(Table110[[#This Row],[SOC (TPD)]]/24),"") -> 0.79059857 | M77: 1.5 | N77: 0.039 | T77: =IF(Table110[[#This Row],[SKU]]="",0,24-Table110[[#This Row],[Legal Non-Operating Time]]-Table110[[#This Row],[No Demand Time]]-Table110[[#This Row],[Force Majeure]]) -> 24 | V77: 1 | AB77: =Table110[[#This Row],[Hours Used]]-SUM(Table110[[#This Row],[Planned Maintenance]:[Start and Finish Production]]) -> 23 | AC77: 0.5 | AD77: =70/60 -> 1.1666667 | AI77: =(Table110[[#This Row],[Hours Used]]-SUM(Table110[[#This Row],[Planned Maintenance]:[Start and Finish Production]])-SUM(Table110[[#This Row],[Minor Stoppages]:[Material Shortages]])-Table110[[#This Row],[Quality Loss (Hrs)]]-Table110[[#This Row],[Operating Time]])/3 -> 0.48020009 | AJ77: =IFERROR(IF(Table110[[#This Row],[SKU]]="",0,Table110[[#This Row],[Quality Loss (T)]]/(Table110[[#This Row],[SOC (TPD)]]/24)),"") -> 0.91836735 | AK77: =IFERROR(IF(Table110[[#This Row],[SKU]]="",0,Table110[[#This Row],[Volume Delivered (T)]]/(Table110[[#This Row],[SOC (TPD)]]/24)),"") -> 18.974366 | AL77: =IFERROR(Table110[[#This Row],[Operating Time]]/Table110[[#This Row],[PRODUCTION HOURS]],"") -> 0.82497242 | AM77: 100 | AN77: YES | AO77: YES | AP77: 0 | AQ77: 0 | AS77: =IFERROR(SUMIFS(#REF!,#REF!,'Shift Wise-Data Sheet'!A:A,#REF!,"Samridhi Perk Line")/SUMIFS(#REF!,#REF!,'Shift Wise-Data Sheet'!A:A,#REF!,"Samridhi Perk Line"),"") | AV77: =IFERROR(VLOOKUP(Table110[[#This Row],[Date]],'Overweight Data'!A75:G1170,6,FALSE),"") -> 0.036022099 | AW77: =IFERROR( IF( OR(Table110[[#This Row],[Operating Time]]=0, (Table110[[#This Row],[Operating Time]]/IF(AD77<=1,AD77+1,AD77))*60=0), 1, ((Table110[[#This Row],[Operating Time]])/IF(AD77<=1,AD77+1,AD77))*60 ), "_") -> 975.82452 | AX77: =COUNTIFS('Downtime Data'!A:A,Table110[[#This Row],[Date]]) -> 2 | AY77: =IFERROR((SUM(Table110[[#This Row],[Minor Stoppages]:[Material Shortages]])/Table110[[#This Row],['# Stops]])*60,"") -> 50 | AZ77: 5 | BA77: 46107
A78: 46095 | B78: =IF(A78="","",TEXT(A78,"dddddd")) -> Saturday | D78: _10.3GM_HT | E78: {=IFERROR(INDIRECT(D78),"")} -> 34.2 | F78: 11.53 | G78: =10.38+1.15 -> 11.53 | H78: =IFERROR((Table110[[#This Row],[Plan]]/Table110[[#This Row],[Hours Used]])/(Table110[[#This Row],[SOC (TPD)]]/24),"") -> 0.3371345 | I78: =IFERROR((Table110[[#This Row],[Volume Delivered (T)]]/Table110[[#This Row],[Hours Used]])/(Table110[[#This Row],[SOC (TPD)]]/24),"") -> 0.3371345 | M78: 1.3 | N78: 0.039 | T78: =IF(Table110[[#This Row],[SKU]]="",0,24-Table110[[#This Row],[Legal Non-Operating Time]]-Table110[[#This Row],[No Demand Time]]-Table110[[#This Row],[Force Majeure]]) -> 24 | W78: 12 | AB78: =Table110[[#This Row],[Hours Used]]-SUM(Table110[[#This Row],[Planned Maintenance]:[Start and Finish Production]]) -> 12 | AD78: 2 | AE78: 1 | AI78: =(Table110[[#This Row],[Hours Used]]-SUM(Table110[[#This Row],[Planned Maintenance]:[Start and Finish Production]])-SUM(Table110[[#This Row],[Minor Stoppages]:[Material Shortages]])-Table110[[#This Row],[Quality Loss (Hrs)]]-Table110[[#This Row],[Operating Time]])/3 -> -0.0011695906 | AJ78: =IFERROR(IF(Table110[[#This Row],[SKU]]="",0,Table110[[#This Row],[Quality Loss (T)]]/(Table110[[#This Row],[SOC (TPD)]]/24)),"") -> 0.9122807 | AK78: =IFERROR(IF(Table110[[#This Row],[SKU]]="",0,Table110[[#This Row],[Volume Delivered (T)]]/(Table110[[#This Row],[SOC (TPD)]]/24)),"") -> 8.0912281 | AL78: =IFERROR(Table110[[#This Row],[Operating Time]]/Table110[[#This Row],[PRODUCTION HOURS]],"") -> 0.67426901 | AM78: 71 | AN78: YES | AO78: YES | AP78: 0 | AQ78: 0 | AS78: =IFERROR(SUMIFS(#REF!,#REF!,'Shift Wise-Data Sheet'!A:A,#REF!,"Samridhi Perk Line")/SUMIFS(#REF!,#REF!,'Shift Wise-Data Sheet'!A:A,#REF!,"Samridhi Perk Line"),"") | AV78: =IFERROR(VLOOKUP(Table110[[#This Row],[Date]],'Overweight Data'!A76:G1171,6,FALSE),"") | AW78: =IFERROR( IF( OR(Table110[[#This Row],[Operating Time]]=0, (Table110[[#This Row],[Operating Time]]/IF(AD78<=1,AD78+1,AD78))*60=0), 1, ((Table110[[#This Row],[Operating Time]])/IF(AD78<=1,AD78+1,AD78))*60 ), "_") -> 242.73684 | AX78: =COUNTIFS('Downtime Data'!A:A,Table110[[#This Row],[Date]]) -> 1 | AY78: =IFERROR((SUM(Table110[[#This Row],[Minor Stoppages]:[Material Shortages]])/Table110[[#This Row],['# Stops]])*60,"") -> 180 | BA78: 46107
A79: 46096 | B79: =IF(A79="","",TEXT(A79,"dddddd")) -> Sunday | D79: _10.3GM_HT | E79: {=IFERROR(INDIRECT(D79),"")} -> 34.2 | F79: 30.7 | G79: 30.7 | H79: =IFERROR((Table110[[#This Row],[Plan]]/Table110[[#This Row],[Hours Used]])/(Table110[[#This Row],[SOC (TPD)]]/24),"") -> 0.89766082 | I79: =IFERROR((Table110[[#This Row],[Volume Delivered (T)]]/Table110[[#This Row],[Hours Used]])/(Table110[[#This Row],[SOC (TPD)]]/24),"") -> 0.89766082 | M79: =0.53+1.26+0.17+0.42-0.26-0.58 -> 1.54 | N79: 0.039 | T79: =IF(Table110[[#This Row],[SKU]]="",0,24-Table110[[#This Row],[Legal Non-Operating Time]]-Table110[[#This Row],[No Demand Time]]-Table110[[#This Row],[Force Majeure]]) -> 24 | AB79: =Table110[[#This Row],[Hours Used]]-SUM(Table110[[#This Row],[Planned Maintenance]:[Start and Finish Production]]) -> 24 | AD79: 1.5 | AI79: =(Table110[[#This Row],[Hours Used]]-SUM(Table110[[#This Row],[Planned Maintenance]:[Start and Finish Production]])-SUM(Table110[[#This Row],[Minor Stoppages]:[Material Shortages]])-Table110[[#This Row],[Quality Loss (Hrs)]]-Table110[[#This Row],[Operating Time]])/3 -> -0.041520468 | AJ79: =IFERROR(IF(Table110[[#This Row],[SKU]]="",0,Table110[[#This Row],[Quality Loss (T)]]/(Table110[[#This Row],[SOC (TPD)]]/24)),"") -> 1.0807018 | AK79: =IFERROR(IF(Table110[[#This Row],[SKU]]="",0,Table110[[#This Row],[Volume Delivered (T)]]/(Table110[[#This Row],[SOC (TPD)]]/24)),"") -> 21.54386 | AL79: =IFERROR(Table110[[#This Row],[Operating Time]]/Table110[[#This Row],[PRODUCTION HOURS]],"") -> 0.89766082 | AM79: 66 | AN79: NO | AO79: NO | AP79: 0 | AQ79: 0 | AS79: =IFERROR(SUMIFS(#REF!,#REF!,'Shift Wise-Data Sheet'!A:A,#REF!,"Samridhi Perk Line")/SUMIFS(#REF!,#REF!,'Shift Wise-Data Sheet'!A:A,#REF!,"Samridhi Perk Line"),"") | AV79: =IFERROR(VLOOKUP(Table110[[#This Row],[Date]],'Overweight Data'!A77:G1172,6,FALSE),"") -> 0.025935315 | AW79: =IFERROR( IF( OR(Table110[[#This Row],[Operating Time]]=0, (Table110[[#This Row],[Operating Time]]/IF(AD79<=1,AD79+1,AD79))*60=0), 1, ((Table110[[#This Row],[Operating Time]])/IF(AD79<=1,AD79+1,AD79))*60 ), "_") -> 861.75439 | AX79: =COUNTIFS('Downtime Data'!A:A,Table110[[#This Row],[Date]]) -> 1 | AY79: =IFERROR((SUM(Table110[[#This Row],[Minor Stoppages]:[Material Shortages]])/Table110[[#This Row],['# Stops]])*60,"") -> 90 | BA79: 46107
A80: 46097 | B80: =IF(A80="","",TEXT(A80,"dddddd")) -> Monday | D80: _10.3GM_HT | E80: {=IFERROR(INDIRECT(D80),"")} -> 34.2 | F80: 26.2 | G80: 26.2 | H80: =IFERROR((Table110[[#This Row],[Plan]]/Table110[[#This Row],[Hours Used]])/(Table110[[#This Row],[SOC (TPD)]]/24),"") -> 0.76608187 | I80: =IFERROR((Table110[[#This Row],[Volume Delivered (T)]]/Table110[[#This Row],[Hours Used]])/(Table110[[#This Row],[SOC (TPD)]]/24),"") -> 0.76608187 | M80: 1.5 | N80: 0.039 | O80: 26 | Q80: 4 | T80: =IF(Table110[[#This Row],[SKU]]="",0,24-Table110[[#This Row],[Legal Non-Operating Time]]-Table110[[#This Row],[No Demand Time]]-Table110[[#This Row],[Force Majeure]]) -> 24 | V80: 1 | AB80: =Table110[[#This Row],[Hours Used]]-SUM(Table110[[#This Row],[Planned Maintenance]:[Start and Finish Production]]) -> 23 | AC80: 0.5 | AD80: 1 | AE80: 0.33333333 | AG80: 0.75 | AI80: =(Table110[[#This Row],[Hours Used]]-SUM(Table110[[#This Row],[Planned Maintenance]:[Start and Finish Production]])-SUM(Table110[[#This Row],[Minor Stoppages]:[Material Shortages]])-Table110[[#This Row],[Quality Loss (Hrs)]]-Table110[[#This Row],[Operating Time]])/3 -> 0.32602339 | AJ80: =IFERROR(IF(Table110[[#This Row],[SKU]]="",0,Table110[[#This Row],[Quality Loss (T)]]/(Table110[[#This Row],[SOC (TPD)]]/24)),"") -> 1.0526316 | AK80: =IFERROR(IF(Table110[[#This Row],[SKU]]="",0,Table110[[#This Row],[Volume Delivered (T)]]/(Table110[[#This Row],[SOC (TPD)]]/24)),"") -> 18.385965 | AL80: =IFERROR(Table110[[#This Row],[Operating Time]]/Table110[[#This Row],[PRODUCTION HOURS]],"") -> 0.79938978 | AM80: 78 | AN80: YES | AO80: YES | AP80: 0 | AQ80: 0 | AS80: =IFERROR(SUMIFS(#REF!,#REF!,'Shift Wise-Data Sheet'!A:A,#REF!,"Samridhi Perk Line")/SUMIFS(#REF!,#REF!,'Shift Wise-Data Sheet'!A:A,#REF!,"Samridhi Perk Line"),"") | AV80: =IFERROR(VLOOKUP(Table110[[#This Row],[Date]],'Overweight Data'!A78:G1173,6,FALSE),"") -> 0.020052448 | AW80: =IFERROR( IF( OR(Table110[[#This Row],[Operating Time]]=0, (Table110[[#This Row],[Operating Time]]/IF(AD80<=1,AD80+1,AD80))*60=0), 1, ((Table110[[#This Row],[Operating Time]])/IF(AD80<=1,AD80+1,AD80))*60 ), "_") -> 551.57895 | AX80: =COUNTIFS('Downtime Data'!A:A,Table110[[#This Row],[Date]]) -> 2 | AY80: =IFERROR((SUM(Table110[[#This Row],[Minor Stoppages]:[Material Shortages]])/Table110[[#This Row],['# Stops]])*60,"") -> 77.5 | BA80: 46107
A81: 46098 | B81: =IF(A81="","",TEXT(A81,"dddddd")) -> Tuesday | D81: _10.3GM_HT | E81: {=IFERROR(INDIRECT(D81),"")} -> 34.2 | F81: 27.54 | G81: 27.54 | H81: =IFERROR((Table110[[#This Row],[Plan]]/Table110[[#This Row],[Hours Used]])/(Table110[[#This Row],[SOC (TPD)]]/24),"") -> 0.80526316 | I81: =IFERROR((Table110[[#This Row],[Volume Delivered (T)]]/Table110[[#This Row],[Hours Used]])/(Table110[[#This Row],[SOC (TPD)]]/24),"") -> 0.80526316 | M81: =0.5+1.4+0.2+0.3-0.2-0.5 -> 1.7 | N81: 0.039 | T81: =IF(Table110[[#This Row],[SKU]]="",0,24-Table110[[#This Row],[Legal Non-Operating Time]]-Table110[[#This Row],[No Demand Time]]-Table110[[#This Row],[Force Majeure]]) -> 24 | V81: 1 | AB81: =Table110[[#This Row],[Hours Used]]-SUM(Table110[[#This Row],[Planned Maintenance]:[Start and Finish Production]]) -> 23 | AD81: 2.45 | AI81: =(Table110[[#This Row],[Hours Used]]-SUM(Table110[[#This Row],[Planned Maintenance]:[Start and Finish Production]])-SUM(Table110[[#This Row],[Minor Stoppages]:[Material Shortages]])-Table110[[#This Row],[Quality Loss (Hrs)]]-Table110[[#This Row],[Operating Time]])/3 -> 0.010233918 | AJ81: =IFERROR(IF(Table110[[#This Row],[SKU]]="",0,Table110[[#This Row],[Quality Loss (T)]]/(Table110[[#This Row],[SOC (TPD)]]/24)),"") -> 1.1929825 | AK81: =IFERROR(IF(Table110[[#This Row],[SKU]]="",0,Table110[[#This Row],[Volume Delivered (T)]]/(Table110[[#This Row],[SOC (TPD)]]/24)),"") -> 19.326316 | AL81: =IFERROR(Table110[[#This Row],[Operating Time]]/Table110[[#This Row],[PRODUCTION HOURS]],"") -> 0.8402746 | AM81: 88 | AN81: YES | AO81: NO | AP81: 0 | AQ81: 0 | AR81: 1 | AS81: =IFERROR(SUMIFS(#REF!,#REF!,'Shift Wise-Data Sheet'!A:A,#REF!,"Samridhi Perk Line")/SUMIFS(#REF!,#REF!,'Shift Wise-Data Sheet'!A:A,#REF!,"Samridhi Perk Line"),"") | AV81: =IFERROR(VLOOKUP(Table110[[#This Row],[Date]],'Overweight Data'!A79:G1174,6,FALSE),"") -> 0.027638122 | AW81: =IFERROR( IF( OR(Table110[[#This Row],[Operating Time]]=0, (Table110[[#This Row],[Operating Time]]/IF(AD81<=1,AD81+1,AD81))*60=0), 1, ((Table110[[#This Row],[Operating Time]])/IF(AD81<=1,AD81+1,AD81))*60 ), "_") -> 473.29753 | AX81: =COUNTIFS('Downtime Data'!A:A,Table110[[#This Row],[Date]]) -> 1 | AY81: =IFERROR((SUM(Table110[[#This Row],[Minor Stoppages]:[Material Shortages]])/Table110[[#This Row],['# Stops]])*60,"") -> 147 | BA81: 46107
A82: 46099 | B82: =IF(A82="","",TEXT(A82,"dddddd")) -> Wednesday | D82: _10.3GM_HT | E82: {=IFERROR(INDIRECT(D82),"")} -> 34.2 | F82: 30.2 | G82: 30.2 | H82: =IFERROR((Table110[[#This Row],[Plan]]/Table110[[#This Row],[Hours Used]])/(Table110[[#This Row],[SOC (TPD)]]/24),"") -> 0.88304094 | I82: =IFERROR((Table110[[#This Row],[Volume Delivered (T)]]/Table110[[#This Row],[Hours Used]])/(Table110[[#This Row],[SOC (TPD)]]/24),"") -> 0.88304094 | M82: =0.46+1.5+0.18+0.36-0.24-0.68 -> 1.58 | N82: 0.039 | O82: 32 | Q82: 3 | T82: =IF(Table110[[#This Row],[SKU]]="",0,24-Table110[[#This Row],[Legal Non-Operating Time]]-Table110[[#This Row],[No Demand Time]]-Table110[[#This Row],[Force Majeure]]) -> 24 | V82: 0.5 | AB82: =Table110[[#This Row],[Hours Used]]-SUM(Table110[[#This Row],[Planned Maintenance]:[Start and Finish Production]]) -> 23.5 | AD82: 0.3 | AE82: 1 | AI82: =(Table110[[#This Row],[Hours Used]]-SUM(Table110[[#This Row],[Planned Maintenance]:[Start and Finish Production]])-SUM(Table110[[#This Row],[Minor Stoppages]:[Material Shortages]])-Table110[[#This Row],[Quality Loss (Hrs)]]-Table110[[#This Row],[Operating Time]])/3 -> -0.033918129 | AJ82: =IFERROR(IF(Table110[[#This Row],[SKU]]="",0,Table110[[#This Row],[Quality Loss (T)]]/(Table110[[#This Row],[SOC (TPD)]]/24)),"") -> 1.1087719 | AK82: =IFERROR(IF(Table110[[#This Row],[SKU]]="",0,Table110[[#This Row],[Volume Delivered (T)]]/(Table110[[#This Row],[SOC (TPD)]]/24)),"") -> 21.192982 | AL82: =IFERROR(Table110[[#This Row],[Operating Time]]/Table110[[#This Row],[PRODUCTION HOURS]],"") -> 0.90182904 | AM82: 89 | AN82: YES | AO82: YES | AP82: 0 | AQ82: 0 | AS82: =IFERROR(SUMIFS(#REF!,#REF!,'Shift Wise-Data Sheet'!A:A,#REF!,"Samridhi Perk Line")/SUMIFS(#REF!,#REF!,'Shift Wise-Data Sheet'!A:A,#REF!,"Samridhi Perk Line"),"") | AT82: 87 | AV82: =IFERROR(VLOOKUP(Table110[[#This Row],[Date]],'Overweight Data'!A80:G1175,6,FALSE),"") -> 0.026386946 | AW82: =IFERROR( IF( OR(Table110[[#This Row],[Operating Time]]=0, (Table110[[#This Row],[Operating Time]]/IF(AD82<=1,AD82+1,AD82))*60=0), 1, ((Table110[[#This Row],[Operating Time]])/IF(AD82<=1,AD82+1,AD82))*60 ), "_") -> 978.13765 | AX82: =COUNTIFS('Downtime Data'!A:A,Table110[[#This Row],[Date]]) -> 3 | AY82: =IFERROR((SUM(Table110[[#This Row],[Minor Stoppages]:[Material Shortages]])/Table110[[#This Row],['# Stops]])*60,"") -> 26 | BA82: 46107
A83: 46100 | B83: =IF(A83="","",TEXT(A83,"dddddd")) -> Thursday | D83: _10.3GM_HT | E83: {=IFERROR(INDIRECT(D83),"")} -> 34.2 | F83: 28.5 | G83: 28.5 | H83: =IFERROR((Table110[[#This Row],[Plan]]/Table110[[#This Row],[Hours Used]])/(Table110[[#This Row],[SOC (TPD)]]/24),"") -> 0.83333333 | I83: =IFERROR((Table110[[#This Row],[Volume Delivered (T)]]/Table110[[#This Row],[Hours Used]])/(Table110[[#This Row],[SOC (TPD)]]/24),"") -> 0.83333333 | M83: =0.49+1.28+0.17+0.26-0.26-0.58 -> 1.36 | N83: 0.039 | O83: 36 | Q83: 3 | T83: =IF(Table110[[#This Row],[SKU]]="",0,24-Table110[[#This Row],[Legal Non-Operating Time]]-Table110[[#This Row],[No Demand Time]]-Table110[[#This Row],[Force Majeure]]) -> 24 | U83: 1 | AB83: =Table110[[#This Row],[Hours Used]]-SUM(Table110[[#This Row],[Planned Maintenance]:[Start and Finish Production]]) -> 23 | AC83: 0.5 | AD83: 0.25 | AI83: =(Table110[[#This Row],[Hours Used]]-SUM(Table110[[#This Row],[Planned Maintenance]:[Start and Finish Production]])-SUM(Table110[[#This Row],[Minor Stoppages]:[Material Shortages]])-Table110[[#This Row],[Quality Loss (Hrs)]]-Table110[[#This Row],[Operating Time]])/3 -> 0.43187135 | AJ83: =IFERROR(IF(Table110[[#This Row],[SKU]]="",0,Table110[[#This Row],[Quality Loss (T)]]/(Table110[[#This Row],[SOC (TPD)]]/24)),"") -> 0.95438596 | AK83: =IFERROR(IF(Table110[[#This Row],[SKU]]="",0,Table110[[#This Row],[Volume Delivered (T)]]/(Table110[[#This Row],[SOC (TPD)]]/24)),"") -> 20 | AL83: =IFERROR(Table110[[#This Row],[Operating Time]]/Table110[[#This Row],[PRODUCTION HOURS]],"") -> 0.86956522 | AM83: 88 | AN83: YES | AO83: NO | AP83: 0 | AQ83: 0 | AS83: =IFERROR(SUMIFS(#REF!,#REF!,'Shift Wise-Data Sheet'!A:A,#REF!,"Samridhi Perk Line")/SUMIFS(#REF!,#REF!,'Shift Wise-Data Sheet'!A:A,#REF!,"Samridhi Perk Line"),"") | AV83: =IFERROR(VLOOKUP(Table110[[#This Row],[Date]],'Overweight Data'!A81:G1176,6,FALSE),"") -> 0.018420746 | AW83: =IFERROR( IF( OR(Table110[[#This Row],[Operating Time]]=0, (Table110[[#This Row],[Operating Time]]/IF(AD83<=1,AD83+1,AD83))*60=0), 1, ((Table110[[#This Row],[Operating Time]])/IF(AD83<=1,AD83+1,AD83))*60 ), "_") -> 960 | AX83: =COUNTIFS('Downtime Data'!A:A,Table110[[#This Row],[Date]]) -> 1 | AY83: =IFERROR((SUM(Table110[[#This Row],[Minor Stoppages]:[Material Shortages]])/Table110[[#This Row],['# Stops]])*60,"") -> 45 | BA83: 46107
A84: 46101 | B84: =IF(A84="","",TEXT(A84,"dddddd")) -> Friday | D84: _10.3GM_HT | E84: {=IFERROR(INDIRECT(D84),"")} -> 34.2 | F84: 29 | G84: 29 | H84: =IFERROR((Table110[[#This Row],[Plan]]/Table110[[#This Row],[Hours Used]])/(Table110[[#This Row],[SOC (TPD)]]/24),"") -> 0.84795322 | I84: =IFERROR((Table110[[#This Row],[Volume Delivered (T)]]/Table110[[#This Row],[Hours Used]])/(Table110[[#This Row],[SOC (TPD)]]/24),"") -> 0.84795322 | M84: =0.49+1.46+0.16+0.82-0.2-0.6 -> 2.13 | N84: 0.039 | T84: =IF(Table110[[#This Row],[SKU]]="",0,24-Table110[[#This Row],[Legal Non-Operating Time]]-Table110[[#This Row],[No Demand Time]]-Table110[[#This Row],[Force Majeure]]) -> 24 | Y84: 0.5 | AB84: =Table110[[#This Row],[Hours Used]]-SUM(Table110[[#This Row],[Planned Maintenance]:[Start and Finish Production]]) -> 23.5 | AE84: 0.25 | AI84: =(Table110[[#This Row],[Hours Used]]-SUM(Table110[[#This Row],[Planned Maintenance]:[Start and Finish Production]])-SUM(Table110[[#This Row],[Minor Stoppages]:[Material Shortages]])-Table110[[#This Row],[Quality Loss (Hrs)]]-Table110[[#This Row],[Operating Time]])/3 -> 0.46812865 | AJ84: =IFERROR(IF(Table110[[#This Row],[SKU]]="",0,Table110[[#This Row],[Quality Loss (T)]]/(Table110[[#This Row],[SOC (TPD)]]/24)),"") -> 1.4947368 | AK84: =IFERROR(IF(Table110[[#This Row],[SKU]]="",0,Table110[[#This Row],[Volume Delivered (T)]]/(Table110[[#This Row],[SOC (TPD)]]/24)),"") -> 20.350877 | AL84: =IFERROR(Table110[[#This Row],[Operating Time]]/Table110[[#This Row],[PRODUCTION HOURS]],"") -> 0.86599477 | AM84: 93 | AN84: YES | AO84: YES | AP84: 3 | AQ84: 3 | AS84: =IFERROR(SUMIFS(#REF!,#REF!,'Shift Wise-Data Sheet'!A:A,#REF!,"Samridhi Perk Line")/SUMIFS(#REF!,#REF!,'Shift Wise-Data Sheet'!A:A,#REF!,"Samridhi Perk Line"),"") | AV84: =IFERROR(VLOOKUP(Table110[[#This Row],[Date]],'Overweight Data'!A82:G1177,6,FALSE),"") -> 0.025697466 | AW84: =IFERROR( IF( OR(Table110[[#This Row],[Operating Time]]=0, (Table110[[#This Row],[Operating Time]]/IF(AD84<=1,AD84+1,AD84))*60=0), 1, ((Table110[[#This Row],[Operating Time]])/IF(AD84<=1,AD84+1,AD84))*60 ), "_") -> 1221.0526 | AX84: =COUNTIFS('Downtime Data'!A:A,Table110[[#This Row],[Date]]) -> 2 | AY84: =IFERROR((SUM(Table110[[#This Row],[Minor Stoppages]:[Material Shortages]])/Table110[[#This Row],['# Stops]])*60,"") -> 7.5 | BA84: 46107
A85: 46102 | B85: =IF(A85="","",TEXT(A85,"dddddd")) -> Saturday | D85: _10.3GM_HT | E85: {=IFERROR(INDIRECT(D85),"")} -> 34.2 | F85: 25.16 | G85: 25.16 | H85: =IFERROR((Table110[[#This Row],[Plan]]/Table110[[#This Row],[Hours Used]])/(Table110[[#This Row],[SOC (TPD)]]/24),"") -> 0.73567251 | I85: =IFERROR((Table110[[#This Row],[Volume Delivered (T)]]/Table110[[#This Row],[Hours Used]])/(Table110[[#This Row],[SOC (TPD)]]/24),"") -> 0.73567251 | M85: =0.36+1.17+0.15+0.47-0.21-0.6 -> 1.34 | N85: 0.039 | T85: =IF(Table110[[#This Row],[SKU]]="",0,24-Table110[[#This Row],[Legal Non-Operating Time]]-Table110[[#This Row],[No Demand Time]]-Table110[[#This Row],[Force Majeure]]) -> 24 | AB85: =Table110[[#This Row],[Hours Used]]-SUM(Table110[[#This Row],[Planned Maintenance]:[Start and Finish Production]]) -> 24 | AD85: =215/60 -> 3.5833333 | AE85: =50/60 -> 0.83333333 | AI85: =(Table110[[#This Row],[Hours Used]]-SUM(Table110[[#This Row],[Planned Maintenance]:[Start and Finish Production]])-SUM(Table110[[#This Row],[Minor Stoppages]:[Material Shortages]])-Table110[[#This Row],[Quality Loss (Hrs)]]-Table110[[#This Row],[Operating Time]])/3 -> 0.32894737 | AJ85: =IFERROR(IF(Table110[[#This Row],[SKU]]="",0,Table110[[#This Row],[Quality Loss (T)]]/(Table110[[#This Row],[SOC (TPD)]]/24)),"") -> 0.94035088 | AK85: =IFERROR(IF(Table110[[#This Row],[SKU]]="",0,Table110[[#This Row],[Volume Delivered (T)]]/(Table110[[#This Row],[SOC (TPD)]]/24)),"") -> 17.65614 | AL85: =IFERROR(Table110[[#This Row],[Operating Time]]/Table110[[#This Row],[PRODUCTION HOURS]],"") -> 0.73567251 | AM85: 95 | AN85: YES | AO85: YES | AP85: 0 | AQ85: 0 | AS85: =IFERROR(SUMIFS(#REF!,#REF!,'Shift Wise-Data Sheet'!A:A,#REF!,"Samridhi Perk Line")/SUMIFS(#REF!,#REF!,'Shift Wise-Data Sheet'!A:A,#REF!,"Samridhi Perk Line"),"") | AV85: =IFERROR(VLOOKUP(Table110[[#This Row],[Date]],'Overweight Data'!A83:G1178,6,FALSE),"") -> 0.038047882 | AW85: =IFERROR( IF( OR(Table110[[#This Row],[Operating Time]]=0, (Table110[[#This Row],[Operating Time]]/IF(AD85<=1,AD85+1,AD85))*60=0), 1, ((Table110[[#This Row],[Operating Time]])/IF(AD85<=1,AD85+1,AD85))*60 ), "_") -> 295.6377 | AX85: =COUNTIFS('Downtime Data'!A:A,Table110[[#This Row],[Date]]) -> 2 | AY85: =IFERROR((SUM(Table110[[#This Row],[Minor Stoppages]:[Material Shortages]])/Table110[[#This Row],['# Stops]])*60,"") -> 132.5 | BA85: 46107
